{"norm": [3.1812633484969313, 1.4765104506107936], "skewnorm": [2.6695455653478484, 2.26582361800618, 1.587557248108968], "lognorm": [0.24511207196217916, -2.865955188825927, 5.974211549659445], "cauchy": [3.084700906480761, 0.7438225063045084]}