,sr,miu,irstp_consumption,irstp_damage,Utility 2105,Temperature overshoot 2105
0,0.23946323690799315,2065.0000000247137,0.0010000000000126225,0.005561129267225669,10126.459416857722,5.0
1,0.24736249734074056,2065.000000032295,0.0010000000000056943,0.0014566337330939193,10126.852336309577,6.0
