,sr,miu,irstp_consumption,irstp_damage,Utility 2105,Disutility 2105,Distance to consumption threshold 2105,Population below consumption threshold 2105,Distance to damage threshold 2105,Population above damage threshold 2105,Temperature overshoot 2105
0,0.14413916174936497,2065.042444110456,0.0010011506650293176,0.006065790537576061,9926.815121335938,45.45863774277942,0.0,0.0,0.7978017781776245,4536.524725402596,7.0
1,0.24660880416605044,2065.042444110456,0.0010011506650293176,0.00773697918182998,10006.342235258142,48.01578838505557,0.0,0.0,1.0243674043212376,4536.524725402596,7.0
2,0.1015328646145373,2065.0291851976476,0.0010011506650293176,0.006065790537576061,9834.773415845171,44.14332457510407,0.0,0.0,0.7050490315831686,4536.524725402596,7.0
3,0.10012063682784142,2065.0163899139047,0.0010052993251327307,0.006468413348835732,9826.85547588511,44.09304413882263,0.0,0.0,0.7016931067946242,4536.524725402596,7.0
4,0.21655697523944514,2065.095760638362,0.0010074482229339606,0.0049063758968615435,9993.315989922256,47.350126438380656,0.0,0.0,0.9587508996070517,4536.524725402596,7.0
5,0.1059026734451154,2065.027970350563,0.0010011506650293176,0.006065790537576061,9846.35994904169,44.28665600455934,0.0,0.0,0.7144680074492562,4536.524725402596,7.0
6,0.11422083221314379,2065.013263549165,0.0010053534793049307,0.010946572939115145,9862.82815061093,44.549952706530036,0.0,0.0,0.7321069679020535,4536.524725402596,7.0
7,0.15916452595547442,2065.042444110456,0.001001235629546759,0.010080286558985942,9949.461009982577,45.87975541821345,0.0,0.0,0.8305978687015895,4536.524725402596,7.0
8,0.14174762699976545,2065.042444110456,0.0010011506650293176,0.00595148964922741,9922.772866593281,45.38980305627363,0.0,0.0,0.7925927282235932,4536.524725402596,7.0
