,sr,miu,irstp_consumption,irstp_damage,Utility 2105,Disutility 2105,Distance to consumption threshold 2105,Population below consumption threshold 2105,Distance to damage threshold 2105,Population above damage threshold 2105,Temperature overshoot 2105
0,0.12371009030873666,2076.856112113744,0.00291952934452535,0.009546874194856256,8149.744311348848,48.12912500218741,0.0,0.0,1.0761161138123079,6033.628846104919,7.0
1,0.15105812933962282,2071.7568875930133,0.013494034596936683,0.011895852134717784,2871.5942821542144,47.72207571779453,0.0,0.0,1.0177614347242834,4536.524725402596,7.0
2,0.4215389362370623,2243.142205199694,0.001035832280102923,0.00499706696369126,9781.079218203678,71.16231637955416,0.0,0.0,4.320106107061264,6914.12451279686,7.0
3,0.1638626917350019,2182.767393401024,0.0012968057026410975,0.009426377473662508,9670.928135877351,60.239040671057516,0.0,0.0,2.4953113373571747,6914.12451279686,7.0
4,0.3408446563795968,2098.2505514796726,0.002962704170122047,0.01469165625330333,8158.274592875999,59.01051372797836,0.0,0.0,2.3395271024937943,6914.12451279686,7.0
