,sr,miu,irstp_consumption,irstp_damage,Utility 2105,Temperature overshoot 2105
0,0.24727590744979142,2065.0000000002165,0.0010000000000000002,0.0046484271445300105,10112.338857788101,6.0
