,sr,miu,irstp_consumption,irstp_damage,Utility 2105,Temperature overshoot 2105
0,0.24727591931254372,2065.000000001216,0.0010000000000033595,0.005955078843347437,10112.338857773288,6.0
