,sr,miu,irstp_consumption,irstp_damage,Utility 2105,Temperature overshoot 2105
0,0.24720651084991457,2065.0000000000045,0.0010000000000000002,0.004823543944973863,10112.33888776314,6.0
