,sr,miu,irstp_consumption,irstp_damage,Utility 2105,Temperature overshoot 2105
0,0.36679271540159253,2252.441673874919,0.0010770597174665478,0.006853612464857912,9920.278618953214,6.0
