,sr,miu,irstp_consumption,irstp_damage,Utility 2105,Temperature overshoot 2105
0,0.2472065112172698,2065.0000000000005,0.0010000000000000002,0.005447060360975863,10112.338887763146,6.0
