,sr,miu,irstp_consumption,irstp_damage,Utility 2105,Temperature overshoot 2105
0,0.24494061908969467,2065.0042783942713,0.0010000001963841234,0.0046574332189022035,10112.302426059252,6.0
