,sr,miu,irstp_consumption,irstp_damage,Utility 2105,Temperature overshoot 2105
0,0.24720560189401306,2065.000000000001,0.001,0.004798599407540937,10112.338887756081,6.0
