,sr,miu,irstp_consumption,irstp_damage,Utility 2105,Temperature overshoot 2105
0,0.24721209929894397,2065.000000275702,0.001000000000003203,0.005218293651835519,10112.338887313408,6.0
