,sr,miu,irstp_consumption,irstp_damage,Utility 2105,Temperature overshoot 2105
0,0.24720647230136528,2065.0000000002146,0.0010000000000000002,0.005586417109590925,10112.33888776285,6.0
