,sr,miu,irstp_consumption,irstp_damage,Utility 2105,Temperature overshoot 2105
0,0.2512186225612109,2065.0248648138086,0.0010000792384813693,0.008185274368052114,10112.134830814046,6.0
