,sr,miu,irstp_consumption,irstp_damage,Utility 2105,Temperature overshoot 2105
0,0.24720668200603163,2065.0,0.0010000000000000002,0.0015562082174926006,10112.338887763319,6.0
