,sr,miu,irstp_consumption,irstp_damage,Utility 2105,Temperature overshoot 2105
0,0.24721209929894397,2065.0000000002256,0.0010000000000005285,0.004928129277818001,10112.338887578566,6.0
