,sr,miu,irstp_consumption,irstp_damage,Utility 2105,Temperature overshoot 2105
0,0.24720645828748372,2065.0,0.001,0.007689160888789849,10112.338887763017,6.0
