,sr,miu,irstp_consumption,irstp_damage,Utility 2105,Temperature overshoot 2105
0,0.24720635501968574,2065.0,0.001,0.006867124173370496,10112.338887762668,6.0
