,sr,miu,irstp_consumption,irstp_damage,Utility 2105,Disutility 2105,Temperature overshoot 2105
0,0.1083080248693924,2220.9750547243398,0.0021737419044646,0.01424781768902647,8815.88903911113,30.026235220375682,7.0
1,0.1103152396457598,2079.74091267392,0.0021550227352629195,0.012672253234344122,8798.35478081939,18.06102894366835,6.0
2,0.4086316903059498,2269.579277472352,0.001464453856833171,0.006625543824202225,9446.246764566113,49.08350740288488,7.0
3,0.10510469368267517,2230.9278875636724,0.0018183421919035826,0.0114197109626058,9126.704490319466,30.074822201672315,7.0
4,0.1153665458874571,2065.7830163099206,0.009825297440109598,0.00973502333097127,4114.399135654274,15.561193661906081,6.0
