,sr,miu,irstp_consumption,irstp_damage,Utility 2105,Distance to consumption threshold 2105,Population below consumption threshold 2105,Temperature overshoot 2105
0,0.23668809609004088,2065.479189052439,0.0010013755971903253,0.005942592661945039,10109.79946824952,0.0,0.0,6.0
