,sr,miu,irstp_consumption,irstp_damage,Utility 2105,Temperature overshoot 2105
0,0.24736678042162763,2065.0,0.0010000000000000007,0.008662279058279952,10126.852336456188,6.0
1,0.23946474885074936,2065.0,0.0010000000000000007,0.006879195570298438,10126.459567849392,5.0
