,sr,miu,irstp_consumption,irstp_damage,Utility 2105,Distance to consumption threshold 2105,Population below consumption threshold 2105,Temperature overshoot 2105
0,0.248854223496556,2065.0562151823483,0.0010000338653861037,0.009367804079611389,10112.234143937589,0.0,0.0,6.0
