,sr,miu,irstp_consumption,irstp_damage,Utility 2105,Distance to consumption threshold 2105,Population below consumption threshold 2105,Temperature overshoot 2105
0,0.4025707881576347,2247.4134009065315,0.0010390445902885809,0.004355387552007976,9902.586718070492,0.0,0.0,6.0
