,sr,miu,irstp_consumption,irstp_damage,Utility 2105,Temperature overshoot 2105
0,0.24841918780617545,2065.0,0.001,0.0011540880176608517,10007.578786881473,7.0
