,sr,miu,irstp_consumption,irstp_damage,Utility 2105,Temperature overshoot 2105
0,0.2360598174980897,2171.2539016850346,0.0010003751345756993,0.004831833465590176,10005.65183138986,7.0
