,sr,miu,irstp_consumption,irstp_damage,Utility 2105,Temperature overshoot 2105
0,0.24840061558482046,2065.0000000012906,0.0010000000000328871,0.0048665623948845865,10007.578783745808,7.0
