,sr,miu,irstp_consumption,irstp_damage,Utility 2105,Temperature overshoot 2105
0,0.2483981312277228,2065.0000000068753,0.0010000000035543459,0.002366601655043734,10007.578779469788,7.0
