,sr,miu,irstp_consumption,irstp_damage,Utility 2105,Temperature overshoot 2105
0,0.2484006155849379,2065.0000000000005,0.001,0.001028673028022259,10007.578783780875,7.0
