,sr,miu,irstp_consumption,irstp_damage,Utility 2105,Temperature overshoot 2105
0,0.24721589601288557,2065.0,0.0010000000000000005,0.0069991606779019645,10112.338887231792,6.0
