,sr,miu,irstp_consumption,irstp_damage,Utility 2105,Temperature overshoot 2105
0,0.24721254461391376,2065.0,0.0010000000000000005,0.0052150522001295305,10112.33888754801,6.0
