,sr,miu,irstp_consumption,irstp_damage,Utility 2105,Temperature overshoot 2105
0,0.24720594051920325,2065.0,0.0010000000000000005,0.0045006297492831025,10112.33888775992,6.0
