,sr,miu,irstp_consumption,irstp_damage,Utility 2105,Temperature overshoot 2105
0,0.2472072218644626,2065.0,0.0010000000000000005,0.009338155567151996,10112.338887761465,6.0
