,sr,miu,irstp_consumption,irstp_damage,Utility 2105,Temperature overshoot 2105
0,0.24721589609616967,2065.0,0.0010000000000000005,0.007694373492613467,10112.338887231781,6.0
