,sr,miu,irstp_consumption,irstp_damage,Utility 2105,Temperature overshoot 2105
0,0.2473217060633659,2065.001158028377,0.0010000051047447413,0.00577110734616034,10112.332544671468,6.0
