,sr,miu,irstp_consumption,irstp_damage,Utility 2105,Temperature overshoot 2105
0,0.247171371046631,2065.0,0.0010000000000000005,0.006352510012689984,10112.338879966372,6.0
