,sr,miu,irstp_consumption,irstp_damage,Utility 2105,Temperature overshoot 2105
0,0.24720594051836126,2065.0,0.0010000000000000005,0.00696425894391805,10112.338887759923,6.0
