,sr,miu,irstp_consumption,irstp_damage,Utility 2105,Temperature overshoot 2105
0,0.24721255387950997,2065.0,0.0010000000000000005,0.0044686924125441636,10112.33888754733,6.0
