,sr,miu,irstp_consumption,irstp_damage,Utility 2105,Temperature overshoot 2105
0,0.24722241243872617,2065.0,0.0010000000000000005,0.007773154406152788,10112.338886214759,6.0
