,sr,miu,irstp_consumption,irstp_damage,Utility 2105,Temperature overshoot 2105
0,0.2472942140652525,2065.0000031157483,0.0010000000298197754,0.007195289946845967,10112.338806746977,6.0
