,sr,miu,irstp_consumption,irstp_damage,Utility 2105,Temperature overshoot 2105
0,0.2471713709576785,2065.0000000001437,0.001000000000000231,0.006557992640670417,10112.338879965748,6.0
