,sr,miu,irstp_consumption,irstp_damage,Utility 2105,Temperature overshoot 2105
0,0.24716829242031027,2065.0000000049745,0.0010000000009532403,0.006421240423713425,10112.338877579366,6.0
