,sr,miu,irstp_consumption,irstp_damage,Utility 2105,Lowest income per capita 2105,Disutility 2105,Highest damage per capita 2105,Temperature overshoot 2105
0,0.24646943596548576,2068.5501914928614,0.008648449538684603,0.007863715117671187,11171.736926747202,6.77479384511741,24.75776584362197,0.0486351217780801,6.0
1,0.13426537817692066,2081.0812713474998,0.011199415841522554,0.00377747297982137,11058.897738678967,6.586238591348392,23.225481292884815,0.04470790636763794,6.0
