,sr,miu,irstp_consumption,irstp_damage,Utility 2105,Distance to consumption threshold 2105,Population below consumption threshold 2105,Temperature overshoot 2105
0,0.2437619211487226,2065.0,0.0010000000000000002,0.0010201758989191385,10034.349330121908,0.14999240492063476,372.6198936204345,6.0
1,0.15296787300695147,2065.0,0.0010000000000000178,0.0016455288423103548,9969.061187484978,0.09999860319810583,372.6198936204345,6.0
2,0.24840389178610756,2065.0,0.001,0.007499219986977723,10034.489649310022,0.15260133202202986,372.6198936204345,6.0
3,0.24164249998503282,2178.021271330558,0.0010000000122156688,0.0030124259033355904,10054.788745436943,0.5989955882525045,372.6198936204345,7.0
4,0.22721328905492563,2126.9943330022206,0.0010000000000039999,0.0019448367049282162,10043.492151602117,0.44990552109902787,372.6198936204345,7.0
5,0.23738033013551305,2158.0851674929586,0.0010000000000000005,0.01259964351735655,10053.336667098414,0.5498624687318984,372.6198936204345,7.0
6,0.24355487083957317,2184.210403076209,0.0010000000000000005,0.008999819955824254,10054.895276413687,0.6139752990076288,372.6198936204345,7.0
7,0.23356590656999596,2140.613584527507,0.0010000000000000005,0.0018850678552909737,10049.749707128054,0.4996703319895656,372.6198936204345,7.0
8,0.22605861048742026,2115.0734937927996,0.0010000000000000005,0.0029926706148893905,10036.64195075393,0.3999877480371831,372.6198936204345,7.0
