,sr,miu,irstp_consumption,irstp_damage,Utility 2105,Distance to consumption threshold 2105,Population below consumption threshold 2105,Temperature overshoot 2105
0,0.23606786882604286,2065.3875262146335,0.0010000267423564925,0.013752063874850009,10033.038920575362,0.14794768884819443,372.6198936204345,6.0
1,0.15292741426094136,2065.002241504056,0.0010000114390567988,0.013014520990259395,9968.987543053707,0.09998692197771242,372.6198936204345,6.0
2,0.21770205927571692,2240.2670012541357,0.0010000955619380372,0.011041992606810108,10048.933128315464,0.6423750899476769,372.6198936204345,7.0
3,0.23053123507575166,2247.995833749222,0.0010000392167908135,0.001770963094299029,10051.770915140396,0.6757972953008091,372.6198936204345,7.0
4,0.24586495493175647,2065.00716033644,0.0010000286675737199,0.013805748848238208,10034.409937390044,0.1512150701991864,372.6198936204345,6.0
