,sr,miu,irstp_consumption,irstp_damage,Utility 2105,Distance to consumption threshold 2105,Population below consumption threshold 2105,Temperature overshoot 2105
0,0.2437619211487226,2065.0,0.0010000000000000002,0.0010201758989191385,10034.349330121908,0.14999240492063476,372.6198936204345,6.0
1,0.23738033013551305,2158.0851674929586,0.0010000000000000005,0.01259964351735655,10053.336667098414,0.5498624687318984,372.6198936204345,7.0
2,0.2324196602100285,2141.319661426803,0.0010000000000000005,0.00877897799210441,10049.768924080516,0.49994973062488823,372.6198936204345,7.0
3,0.2292826983806285,2126.185610362773,0.0010000000000000005,0.002706058095610129,10043.525699435895,0.4499750738194892,372.6198936204345,7.0
4,0.24164249998503282,2178.021271330558,0.0010000000090083657,0.0020933561392084098,10054.788748658508,0.5989955882525045,372.6198936204345,7.0
5,0.24846363320454773,2065.0,0.001,0.0019193795110771107,10034.489671152956,0.1526350087021635,372.6198936204345,6.0
6,0.15296796301204876,2065.0000015420173,0.0010000000026733707,0.006763142294285452,9969.06131639675,0.09999866177567784,372.6198936204345,6.0
7,0.24350898998094575,2185.6467914189707,0.0010000000000000005,0.009938808694409234,10054.901115767361,0.6164785195903965,372.6198936204345,7.0
8,0.22605917312817175,2115.0734937927996,0.0010000000000000005,0.0029926706148893905,10036.642092275313,0.39998840799160673,372.6198936204345,7.0
