,sr,miu,irstp_consumption,irstp_damage,Utility 2105,Distance to consumption threshold 2105,Population below consumption threshold 2105,Temperature overshoot 2105
0,0.15294989805689568,2065.0000211472234,0.001000000020101994,0.0018980218828355785,9969.034540872593,0.09998854764278253,372.6198936204345,6.0
1,0.22573174864422363,2181.482152770132,0.001000221138453467,0.003652760598498964,10052.607294655923,0.5775838103981175,372.6198936204345,7.0
2,0.23562468392114763,2151.8811421296327,0.001000000137373324,0.0028028260846040894,10052.346875611127,0.5322783554932231,372.6198936204345,7.0
3,0.24414435077927374,2195.890052140067,0.0010000287588818743,0.0021857158288415297,10054.788017922878,0.635181868419384,372.6198936204345,7.0
4,0.23123149847382252,2125.3190274232575,0.001000021554934427,0.0021802192305204024,10043.414488125043,0.4496468042035607,372.6198936204345,7.0
5,0.23101822562867805,2139.621851951807,0.0010000000059628327,0.002174378862360446,10049.079080460473,0.4932027288107322,372.6198936204345,7.0
6,0.24851852493245885,2065.000000084391,0.0010000000042586557,0.004575253325958698,10034.48964708815,0.15266595439104602,372.6198936204345,6.0
7,0.2437619211487226,2065.0,0.0010000000000000002,0.0010201758989191385,10034.349330121908,0.14999240492063476,372.6198936204345,6.0
