,sr,miu,irstp_consumption,irstp_damage,Utility 2105,Distance to consumption threshold 2105,Population below consumption threshold 2105,Temperature overshoot 2105
0,0.22059620576471387,2238.6515794521542,0.001000278220105946,0.011968132372999252,10049.733380297468,0.6462658136392249,372.6198936204345,7.0
1,0.23573637342457393,2125.3190274232575,0.0010000321712198383,0.0020461723868925056,10044.062250502027,0.45559776007554215,372.6198936204345,7.0
2,0.2332237359601125,2229.0756368865414,0.001000129799359767,0.004142574755658957,10052.955721545073,0.6602701300975873,372.6198936204345,7.0
3,0.24851852493245885,2065.0000001550247,0.0010000002833053707,0.0035233349597612817,10034.489367277485,0.1526659548133278,372.6198936204345,6.0
4,0.15294989805689568,2065.0000588400503,0.0010000000844637897,0.0021738990724268193,9969.034437066777,0.09998873583006856,372.6198936204345,6.0
5,0.24344799650113363,2065.000005176037,0.0010000000000735096,0.0032796771786896472,10034.329900791025,0.1498165382351479,372.6198936204345,6.0
