,sr,miu,irstp_consumption,irstp_damage,Utility 2105,Distance to consumption threshold 2105,Population below consumption threshold 2105,Temperature overshoot 2105
0,0.15292741426094136,2065.002241504056,0.0010000114390567988,0.013014520990259395,9968.987543053707,0.09998692197771242,372.6198936204345,6.0
1,0.22059620576471387,2238.6515794521542,0.001000278220105946,0.011968132372999252,10049.733380297468,0.6462658136392249,372.6198936204345,7.0
2,0.24823734406065004,2065.0023266084313,0.0010000176459395143,0.009606614660427577,10034.468980172267,0.15252136280991913,372.6198936204345,6.0
3,0.23573637342457393,2125.3190274232575,0.0010000321712198383,0.0020461723868925056,10044.062250502027,0.45559776007554215,372.6198936204345,7.0
4,0.2332237359601125,2229.0756368865414,0.001000129799359767,0.004142574755658957,10052.955721545073,0.6602701300975873,372.6198936204345,7.0
5,0.24326415442732902,2065.0007754949684,0.0010000066160703422,0.010597912876074886,10034.310422826142,0.1497181148768465,372.6198936204345,6.0
