,sr,miu,irstp_consumption,irstp_damage,Utility 2105,Distance to consumption threshold 2105,Population below consumption threshold 2105,Temperature overshoot 2105
0,0.1671184952322135,2124.818285748824,0.0017953101654362511,0.005224247220830772,9239.548772306847,0.36437939708143313,372.6198936204345,7.0
1,0.3057532503093109,2075.4970369385205,0.0030316518367614546,0.0013828772312339177,8167.468786404812,0.2507736365118493,372.6198936204345,6.0
2,0.1103997049452043,2243.4483256205644,0.0011833785107786795,0.0054318551438992035,9736.3036843333,0.466443136749827,372.6198936204345,7.0
3,0.18934062441517066,2065.2890774879006,0.0032349434346188163,0.005827788403958708,8009.334724131569,0.12164219050410435,372.6198936204345,6.0
