,sr,miu,irstp_consumption,irstp_damage,Utility 2105,Disutility 2105,Temperature overshoot 2105
0,115,2,12932.472182299522,5,2485.8795368807346,64.78757652578662,7.0
