,sr,miu,irstp_consumption,irstp_damage,Utility 2105,Temperature overshoot 2105
0,0.2513287481708954,2065.06505946634,0.0010004724429951673,0.007130947658834444,10126.224621599715,6.0
