,sr,miu,irstp_consumption,irstp_damage,Utility 2105,Temperature overshoot 2105
0,0.12663786074509092,2065.000002636356,0.0010000000000065423,0.006281952383622544,10037.631545923075,0.0
1,0.13770537326049187,2065.0000218991922,0.0010000000019144298,0.009404467332915214,10058.344485174679,1.0
2,0.23980509716442322,2065.000003879103,0.0010000000004146345,0.00665435535801391,10145.39283782772,2.0
