,sr,miu,irstp_consumption,irstp_damage,Utility 2105,Temperature overshoot 2105
0,0.13787370486403724,2065.000046325978,0.0010000000982853395,0.003924045483320816,10058.638662652926,1.0
1,0.12662375314988417,2065.0000121323924,0.0010000000000747208,0.0027951198502384218,10037.603376008428,0.0
2,0.23993896162890277,2065.0001935246937,0.00100000000027305,0.0038417737676636836,10145.405715256815,2.0
