,sr,miu,irstp_consumption,irstp_damage,Utility 2105,Disutility 2105,Distance to consumption threshold 2105,Population below consumption threshold 2105,Distance to damage threshold 2105,Population above damage threshold 2105,Temperature overshoot 2105
0,0.29587736531654363,2091.502341854827,0.0010267198149817335,0.0065437598660221105,10069.684511780137,28.106904452656213,0.009104690223060485,372.6198936204345,1.014828338607045,4536.524725402596,6.0
1,0.13415056138709924,2092.2469235231983,0.0011081293523655025,0.014867560828751982,9911.233205929606,23.334921317578736,0.0,0.0,0.6110009597753696,3056.9834025114515,6.0
2,0.118218081685436,2086.6099868424535,0.003662397693544624,0.0026792696486674,7658.748893991874,22.154252854685737,0.0,0.0,0.5176098711417905,3056.9834025114515,6.0
