,sr,miu,irstp_consumption,irstp_damage,Utility 2105,Temperature overshoot 2105
0,0.24846239473452045,2065.000000000001,0.0010000000000000007,0.014913322352905491,10034.489671158079,6.0
1,0.24338882925302358,2186.741409939241,0.0010000000000000002,0.007497842728724966,10054.902494002192,7.0
