,sr,miu,irstp_consumption,irstp_damage,Utility 2105,Distance to consumption threshold 2105,Population below consumption threshold 2105,Temperature overshoot 2105
0,0.24716050641437612,2065.000000825047,0.0010000000091120007,0.005097316133901069,10112.338864438021,0.0,0.0,6.0
