,sr,miu,irstp_consumption,irstp_damage,Utility 2105,Distance to consumption threshold 2105,Population below consumption threshold 2105,Temperature overshoot 2105
0,0.24723255336716113,2065.0,0.0010000000000000007,0.003322589009026945,10112.338883575558,0.0,0.0,6.0
