,sr,miu,irstp_consumption,irstp_damage,Utility 2105,Distance to consumption threshold 2105,Population below consumption threshold 2105,Temperature overshoot 2105
0,0.247838001818467,2065.009368025947,0.0010000159681113044,0.006049656580170503,10112.311336591756,0.0,0.0,6.0
