,sr,miu,irstp_consumption,irstp_damage,Utility 2105,Distance to consumption threshold 2105,Population below consumption threshold 2105,Temperature overshoot 2105
0,0.24646943596548576,2068.5501914928614,0.008648449538684603,0.007863715117671187,4685.416487866471,0.17178998777289595,372.6198936204345,6.0
1,0.18349408526068878,2108.138810016134,0.0031868021888324595,0.003292836032033212,8044.014124628773,0.3278635815918788,372.6198936204345,7.0
2,0.32001137544495395,2072.8766029315107,0.005813232520208964,0.007558425646740333,6186.696746588061,0.2462245709159268,372.6198936204345,6.0
3,0.40558655573542945,2077.9643707435916,0.0012666743291879202,0.005714945592531859,9619.411120888173,0.3645086314603416,372.6198936204345,6.0
4,0.13426537817692066,2081.0812713474998,0.011199415841522554,0.00377747297982137,3600.9972574755893,0.16004837140439138,372.6198936204345,6.0
5,0.21250749191575058,2109.680470111846,0.0010764928872805776,0.0056785778873716525,9950.333550723164,0.3639975288034126,372.6198936204345,7.0
6,0.13803170148020852,2105.8167202702243,0.005104240878245417,0.007705233090754334,6604.524322116638,0.27526961616281853,372.6198936204345,7.0
