,sr,miu,irstp_consumption,irstp_damage,Utility 2105,Intratemporal consumption Gini 2105,Temperature overshoot 2105
0,190,1,5807.7545130884355,0,11030.726492300346,0.28683294740890486,7.0
