,sr,miu,irstp_consumption,irstp_damage,Utility 2105,Lowest income per capita 2105,Temperature overshoot 2105
0,927,2,8632.801448822776,2,11004.22078285222,2.586691677228515,7.0
