,sr,miu,irstp_consumption,irstp_damage,Utility 2105,Disutility 2105,Distance to consumption threshold 2105,Population below consumption threshold 2105,Distance to damage threshold 2105,Population above damage threshold 2105,Temperature overshoot 2105
0,75,2,12570.600265092668,1,2491.927208255829,63.387983812433845,1.0221331202457558,372.6198936204345,3.0403887992992393,6914.12451279686,7.0
1,802,2,12798.213868463557,5,2481.378683157367,50.04098220820892,1.2437139904293621,749.7645065432494,3.360785317732234,6914.12451279686,7.0
2,927,2,8892.843010639563,0,2482.884171061987,56.84423453858236,1.4047233414909122,749.7645065432494,3.586227726960418,6914.12451279686,7.0
3,415,2,5999.645419201394,2,2494.64838952885,63.4121761717562,0.9281272993060816,372.6198936204345,2.874372534435163,6914.12451279686,7.0
