,sr,miu,irstp_consumption,irstp_damage,Utility 2105,Disutility 2105,Distance to consumption threshold 2105,Population below consumption threshold 2105,Distance to damage threshold 2105,Population above damage threshold 2105,Temperature overshoot 2105
0,75,2,12570.600265092668,1,2491.927208255829,63.387983812433845,1.0221331202457558,372.6198936204345,3.0403887992992393,6914.12451279686,7.0
