,sr,miu,irstp_consumption,irstp_damage,Utility 2105,Disutility 2105,Distance to consumption threshold 2105,Population below consumption threshold 2105,Distance to damage threshold 2105,Population above damage threshold 2105,Temperature overshoot 2105
0,802,2,12798.213868463557,5,2481.378683157367,50.04098220820892,1.2437139904293621,749.7645065432494,3.360785317732234,6914.12451279686,7.0
1,927,2,8846.15348936686,0,2482.884171061987,58.39854677313462,1.4047233414909122,749.7645065432494,3.586227726960418,6914.12451279686,7.0
2,857,2,4185.818702017336,1,2486.1097569483686,67.64681547971404,1.3732587567421326,749.7645065432494,3.5572964823567252,6914.12451279686,7.0
3,257,2,10567.205327346048,4,2481.806585348352,67.96463801867321,0.0,0.0,3.600283493702036,6914.12451279686,7.0
