,sr,miu,irstp_consumption,irstp_damage,Utility 2105,Temperature overshoot 2105
0,0.24717137102965914,2065.0000000000005,0.0010000000000000005,0.006357560666744946,10112.338879966363,6.0
