,sr,miu,irstp_consumption,irstp_damage,Utility 2105,Temperature overshoot 2105
0,0.2472125446161435,2065.0,0.0010000000000000005,0.0024380292991207715,10112.338887548012,6.0
