,sr,miu,irstp_consumption,irstp_damage,Utility 2105,Temperature overshoot 2105
0,0.24717134845402394,2065.0000000019622,0.0010000000000018104,0.0060779610468579565,10112.338879952504,6.0
