,sr,miu,irstp_consumption,irstp_damage,Utility 2105,Temperature overshoot 2105
0,0.2472125446135442,2065.0,0.0010000000000000005,0.002586791716314552,10112.338887548014,6.0
