,sr,miu,irstp_consumption,irstp_damage,Utility 2105,Temperature overshoot 2105
0,0.2472062196703807,2065.0,0.0010000000000000005,0.004462982692348248,10112.338887762007,6.0
