,sr,miu,irstp_consumption,irstp_damage,Utility 2105,Temperature overshoot 2105
0,0.25727315366769976,2067.2513107080295,0.001000091244536027,0.005486687235305759,10109.522783280603,6.0
