,sr,miu,irstp_consumption,irstp_damage,Utility 2105,Temperature overshoot 2105
0,0.21250749191575058,2109.680470111846,0.0010764928872805776,0.0056785778873716525,10010.178562930763,6.0
