,sr,miu,irstp_consumption,irstp_damage,Utility 2105,Temperature overshoot 2105
0,0.2472058970075661,2065.0,0.0010000000000000005,0.0047829904286048296,10112.338887759506,6.0
