,sr,miu,irstp_consumption,irstp_damage,Utility 2105,Disutility 2105,Distance to consumption threshold 2105,Population below consumption threshold 2105,Distance to damage threshold 2105,Population above damage threshold 2105,Temperature overshoot 2105
0,0.23427584529474707,2095.0531199079987,0.0014209892979706506,0.010072754093062315,9715.575309594264,87.65559308579611,0.0,0.0,0.5267908714411591,3056.9834025114515,5.0
1,0.46728283292706907,2069.825252754084,0.005314484444362871,0.005143205292972679,6424.300216874824,88.59995920301279,0.0,0.0,0.7237473699759793,3056.9834025114515,4.0
2,0.1365730173035764,2086.443568500674,0.001999314738673872,0.0010248970813343877,9093.244036778884,83.89894325333401,0.0,0.0,0.2563046815945931,1863.0994681021725,5.0
3,0.1027277167446258,2080.175414283049,0.014591672320447075,0.013527586047298392,2589.6542158842694,82.03139970900561,0.0,0.0,0.1496168524319681,1863.0994681021725,4.0
4,0.15429150085217472,2076.873634438801,0.008549224165862231,0.011619415194795236,4754.533947482658,83.22478108277419,0.0,0.0,0.20244536184256856,1863.0994681021725,4.0
