,sr,miu,irstp_consumption,irstp_damage,Utility 2105,Distance to consumption threshold 2105,Population below consumption threshold 2105,Temperature overshoot 2105
0,0.24736681203753774,2065.0,0.0010000000000000005,0.013008080560042547,10126.852336456184,0.0,0.0,6.0
1,0.23946486096290603,2065.0,0.001,0.005650719274611917,10126.45957904201,0.0,0.0,5.0
