,sr,miu,irstp_consumption,irstp_damage,Utility 2105,Lowest income per capita 2105,Disutility 2105,Highest damage per capita 2105,Temperature overshoot 2105
0,0.24646943596548576,2068.5501914928614,0.008648449538684603,0.007863715117671187,11188.33575305995,6.229020990442997,23.43367717977635,0.1373812967466306,6.0
1,0.13426537817692066,2081.0812713474998,0.011199415841522554,0.00377747297982137,11077.071390254954,6.083427552211219,22.058372782707067,0.12584689752671066,6.0
