,index,emdd,fosslim,scenario_cback,scenario_elasticity_of_damages,scenario_limmiu,scenario_pop_gdp,scenario_sigma,t2xco2_dist,t2xco2_index
0,0.00010005336179295624,0.6353500862221908,0.6003611751054687,1.0,0.0,0.0,0.0,0.0,0.0,0.5985985985985987
1,0.00013340448239060833,0.010945929592030178,0.5591837177267865,0.0,1.0,0.0,1.0,0.0,0.0,0.5675675675675675
8,0.0019010138740661686,0.9242409049058731,0.730117985943152,0.0,1.0,0.0,0.0,0.0,1.0,0.6516516516516516
3750,0.8582577374599787,0.9036707575035864,0.024114774459483488,0.0,0.0,1.0,1.0,1.0,1.0,0.8008008008008008
