,emdd,fosslim,scenario_cback,scenario_elasticity_of_damages,scenario_limmiu,scenario_pop_gdp,scenario_sigma,t2xco2_dist,t2xco2_index
2,0.0,0.99132986263076,1.0,0.5,0.0,0.8,1.0,0.0,0.8527027027027027
3,1.0,0.0813451940308292,0.0,0.0,1.0,0.0,1.0,0.5,0.23108108108108108
6,0.2973353317115157,0.6376461207606785,0.0,1.0,0.0,0.0,1.0,0.5,0.3081081081081081
7,0.7135799530837579,0.0507625927632813,0.0,1.0,1.0,1.0,0.0,1.0,0.12702702702702703
