,emdd,fosslim,scenario_cback,scenario_elasticity_of_damages,scenario_limmiu,scenario_pop_gdp,scenario_sigma,t2xco2_dist,t2xco2_index
2,0.0,1.0,1.0,0.5,0.0,0.8,1.0,0.0,1.0
3,1.0,0.08205663633995439,0.0,0.0,1.0,0.0,1.0,0.5,0.27099841521394613
4,0.06727981967537354,0.0,0.0,1.0,1.0,1.0,0.0,0.5,0.15689381933438987
6,0.2973353317115157,0.6432229521145599,0.0,1.0,0.0,0.0,1.0,0.5,0.3613312202852615
