,sr,miu,irstp_consumption,irstp_damage,Utility 2105,Disutility 2105,Temperature overshoot 2105
0,927,2,13233.20284632149,0,2482.884171061987,67.70303777026274,7.0
