,sr,miu,irstp_consumption,irstp_damage,Utility 2105,Disutility 2105,Temperature overshoot 2105
0,927,2,12595.549910261407,1,2482.8837988061673,67.77944709359448,7.0
