,sr,miu,irstp_consumption,irstp_damage,Utility 2105,Temperature overshoot 2105
0,0.2427367720114134,2164.887087265736,0.001,0.0021899407693349,10006.376844186729,7.0
