,sr,miu,irstp_consumption,irstp_damage,Utility 2105,Temperature overshoot 2105
0,0.2427373625236125,2164.8787834138593,0.001,0.005241543368940425,10006.376844044447,7.0
