,sr,miu,irstp_consumption,irstp_damage,Utility 2105,Temperature overshoot 2105
0,0.2427363265218351,2164.8871612043754,0.001,0.002204351858118917,10006.376844188206,7.0
