,sr,miu,irstp_consumption,irstp_damage,Utility 2105,Temperature overshoot 2105
0,0.2427373625236125,2164.8860046420177,0.001,0.004147695444237326,10006.37684417855,7.0
