,sr,miu,irstp_consumption,irstp_damage,Utility 2105,Temperature overshoot 2105
0,0.24273633739863412,2164.8871713739204,0.001,0.006672819723167562,10006.3768441882,7.0
