,sr,miu,irstp_consumption,irstp_damage,Utility 2105,Temperature overshoot 2105
0,0.24273661225607546,2164.8871713739204,0.001,0.006670569099523209,10006.37684418755,7.0
