,sr,miu,irstp_consumption,irstp_damage,Utility 2105,Temperature overshoot 2105
0,0.24273736971180343,2164.8787834138593,0.001,0.012281285160948015,10006.376844044364,7.0
