,sr,miu,irstp_consumption,irstp_damage,Utility 2105,Temperature overshoot 2105
0,0.24278173870271264,2164.862981903202,0.0010000000000214852,0.001296658999178141,10006.376830064504,7.0
