,sr,miu,irstp_consumption,irstp_damage,Utility 2105,Disutility 2105,Temperature overshoot 2105
0,927,2,12082.742658186653,5,2485.609111149193,67.21767018296667,7.0
