,sr,miu,irstp_consumption,irstp_damage,Utility 2105,Temperature overshoot 2105
0,0.24727644863806172,2065.0000001412336,0.00100000000011963,0.004748174050356111,10112.338857062374,6.0
