,sr,miu,irstp_consumption,irstp_damage,Utility 2105,Temperature overshoot 2105
0,0.24720668120687098,2065.0,0.0010000000000000002,0.003485116923553951,10112.338887763317,6.0
