,sr,miu,irstp_consumption,irstp_damage,Utility 2105,Temperature overshoot 2105
0,0.24729026789896968,2065.0000453665416,0.0010000009466755813,0.005442508301340876,10112.337844483123,6.0
