,sr,miu,irstp_consumption,irstp_damage,Utility 2105,Temperature overshoot 2105
0,0.2472956718926232,2065.000015097552,0.0010000000031372368,0.00514708784542355,10112.338820676352,6.0
