,sr,miu,irstp_consumption,irstp_damage,Utility 2105,Distance to consumption threshold 2105,Population below consumption threshold 2105,Temperature overshoot 2105
0,0.2467102079000044,2065.0003210109344,0.0010000000425140292,0.009824724385908937,10112.336996624452,0.0,0.0,6.0
