,sr,miu,irstp_consumption,irstp_damage,Utility 2105,Lowest income per capita 2105,Temperature overshoot 2105
0,0.23936468219913468,2065.0000020840475,0.008680371501720815,0.00996440655825301,11190.898317852896,6.262061109594338,5.0
1,0.24737554552453617,2065.0000001515873,0.010815720406473425,0.004969821988039374,11191.34348485502,6.254831326556264,6.0
