,sr,miu,irstp_consumption,irstp_damage,Utility 2105,Distance to consumption threshold 2105,Population below consumption threshold 2105,Temperature overshoot 2105
0,0.24271492421259583,2164.884091333345,0.0010000000000000137,0.005339968984319276,10006.376841218424,0.0,0.0,7.0
