,sr,miu,irstp_consumption,irstp_damage,Utility 2105,Temperature overshoot 2105
0,0.2484239503520697,2065.0,0.001,0.006609751437447037,10007.578786971071,7.0
