,sr,miu,irstp_consumption,irstp_damage,Utility 2105,Temperature overshoot 2105
0,0.24841986483334988,2065.0,0.001,0.0035195814059770947,10007.578786911767,7.0
