,sr,miu,irstp_consumption,irstp_damage,Utility 2105,Temperature overshoot 2105
0,0.24827602062887305,2065.000109056373,0.0010000003354327163,0.0030340014210076434,10007.578146265094,7.0
