,sr,miu,irstp_consumption,irstp_damage,Utility 2105,Temperature overshoot 2105
0,0.24841916031593714,2065.0,0.001,0.0011876881655225498,10007.57878688012,7.0
