,sr,miu,irstp_consumption,irstp_damage,Utility 2105,Temperature overshoot 2105
0,0.24841986794583043,2065.0,0.001,0.0030810425092225877,10007.578786911896,7.0
