,sr,miu,irstp_consumption,irstp_damage,Utility 2105,Temperature overshoot 2105
0,0.2500645216448365,2065.0112627378053,0.0010000046466680042,0.0033839363660508755,10007.539681297616,7.0
