,sr,miu,irstp_consumption,irstp_damage,Utility 2105,Temperature overshoot 2105
0,0.24842317975102976,2065.0,0.001,0.0018479063817797908,10007.578786976102,7.0
