,sr,miu,irstp_consumption,irstp_damage,Utility 2105,Temperature overshoot 2105
0,0.24841986794085763,2065.0,0.001,0.004468542594158194,10007.578786911894,7.0
