,sr,miu,irstp_consumption,irstp_damage,Utility 2105,Temperature overshoot 2105
0,0.24840061558482046,2065.000000000267,0.0010000000000002177,0.0034950795356117103,10007.57878378024,7.0
