,sr,miu,irstp_consumption,irstp_damage,Utility 2105,Temperature overshoot 2105
0,0.2484239530808523,2065.0,0.001,0.00660952321105953,10007.578786971038,7.0
