,sr,miu,irstp_consumption,irstp_damage,Utility 2105,Disutility 2105,Temperature overshoot 2105
0,0.1190558923663328,2249.7540699630827,0.001182831688909836,0.00503221068150474,9811.593854589335,29.06966135352326,6.0
1,0.29377394722892536,2076.2926321478917,0.011161535482308135,0.0012984631109249595,3680.645580471215,25.721080931451393,6.0
2,0.2668825363455306,2082.8708803575723,0.009233754155516957,0.0032380681833105323,4457.486513451768,26.07870151273086,6.0
3,0.10162712459637926,2127.1094002540426,0.012194967123893119,0.0027534069269886294,3274.060308193709,24.714406874863535,6.0
4,0.32120225861984464,2076.2306425836073,0.004135049453129961,0.0035724451996198745,7378.021298693815,26.347166489803396,6.0
5,0.14141671863099964,2146.2395776611006,0.002618165896402156,0.004713657157698418,8542.170139590075,27.496676606087558,6.0
6,0.10683871765968722,2076.8171466919716,0.013720758300815799,0.0012086017840904869,2819.264932670707,20.647587468466202,6.0
7,0.11189757071345828,2257.3103504892197,0.0024552735753752284,0.00677901939099953,8627.267533404198,28.808166520615565,6.0
