,sr,miu,irstp_consumption,irstp_damage,Utility 2105,Temperature overshoot 2105
0,0.24273736252366185,2164.887087265512,0.001,0.005872480693103978,10006.376844180852,7.0
