,sr,miu,irstp_consumption,irstp_damage,Utility 2105,Temperature overshoot 2105
0,0.2427348700662996,2164.887689323949,0.0010000000000000007,0.007442061529868066,10006.37684417492,7.0
