,sr,miu,irstp_consumption,irstp_damage,Utility 2105,Temperature overshoot 2105
0,0.24242289958450344,2164.664412521141,0.0010000007106758838,0.00823982328392943,10006.375383940136,7.0
