,sr,miu,irstp_consumption,irstp_damage,Utility 2105,Temperature overshoot 2105
0,0.24273677726597997,2164.887087265736,0.001,0.005201419390687696,10006.376844186694,7.0
