,sr,miu,irstp_consumption,irstp_damage,Utility 2105,Temperature overshoot 2105
0,0.24267237955841434,2166.8544899485905,0.001000177585940773,0.00902363522713818,10006.19187519722,7.0
