,sr,miu,irstp_consumption,irstp_damage,Utility 2105,Temperature overshoot 2105
0,0.24278934297243532,2164.9033029780344,0.001000000000000326,0.0036740077591385003,10006.376825349345,7.0
