,sr,miu,irstp_consumption,irstp_damage,Utility 2105,Temperature overshoot 2105
0,0.24278971794771356,2164.847617816716,0.0010000000000675467,0.008137902251441682,10006.376823307148,7.0
