,sr,miu,irstp_consumption,irstp_damage,Utility 2105,Temperature overshoot 2105
0,0.24273633739863412,2164.8871612043754,0.001,0.007316733690472371,10006.376844188202,7.0
