,sr,miu,irstp_consumption,irstp_damage,Utility 2105,Temperature overshoot 2105
0,0.24278173870271264,2164.852327066205,0.0010000003256825508,0.004658819480577972,10006.376503416306,7.0
