,sr,miu,irstp_consumption,irstp_damage,Utility 2105,Temperature overshoot 2105
0,0.24278934295177773,2164.869310307787,0.0010000000000003095,0.004317826149943251,10006.376825758653,7.0
