,sr,miu,irstp_consumption,irstp_damage,Utility 2105,Temperature overshoot 2105
0,0.1383871276817378,2109.1722983059967,0.001119631938653232,0.01460948213172368,9789.59558697129,7.0
