,sr,miu,irstp_consumption,irstp_damage,Utility 2105,Temperature overshoot 2105
0,0.2427348700662996,2164.8876849250746,0.0010000000000000007,0.00852602248626707,10006.376844174929,7.0
