,sr,miu,irstp_consumption,irstp_damage,Utility 2105,Temperature overshoot 2105
0,0.24273736252366185,2164.8863147730995,0.001,0.003972278319565026,10006.376844179686,7.0
