,sr,miu,irstp_consumption,irstp_damage,Utility 2105,Temperature overshoot 2105
0,0.2427348700662996,2164.8860509148235,0.0010000000000000007,0.012486081765434295,10006.376844172353,7.0
