,sr,miu,irstp_consumption,irstp_damage,Utility 2105,Temperature overshoot 2105
0,0.24273736250929914,2164.8787834138593,0.001,0.005096520547402299,10006.376844044446,7.0
