,sr,miu,irstp_consumption,irstp_damage,Utility 2105,Temperature overshoot 2105
0,0.24273736252366185,2164.887087265736,0.001,0.0042787946071832115,10006.376844180853,7.0
