,sr,miu,irstp_consumption,irstp_damage,Utility 2105,Temperature overshoot 2105
0,0.2427368087465001,2164.887087265736,0.001,0.002480551985287428,10006.376844186492,7.0
