,sr,miu,irstp_consumption,irstp_damage,Utility 2105,Temperature overshoot 2105
0,0.24274845582069626,2164.8783221742015,0.0010000000000000007,0.01082006783975389,10006.376843114416,7.0
