,sr,miu,irstp_consumption,irstp_damage,Utility 2105,Temperature overshoot 2105
0,0.24278173870271264,2164.8787834023997,0.0010000000000002214,0.008696787234801369,10006.376830895999,7.0
