,sr,miu,irstp_consumption,irstp_damage,Utility 2105,Temperature overshoot 2105
0,0.2427982483222059,2164.844457375301,0.0010000000052337121,0.004051085879891209,10006.376811462602,7.0
