,sr,miu,irstp_consumption,irstp_damage,Utility 2105,Temperature overshoot 2105
0,0.2427352274255191,2164.8874137741436,0.0010000000000000007,0.011155493689903357,10006.376844180906,7.0
