,sr,miu,irstp_consumption,irstp_damage,Utility 2105,Temperature overshoot 2105
0,0.2427352274255191,2164.8876849250746,0.0010000000000000007,0.005582583743891586,10006.376844180573,7.0
