,sr,miu,irstp_consumption,irstp_damage,Utility 2105,Temperature overshoot 2105
0,0.24273486995378438,2164.8783228921775,0.0010000000000000007,0.012114986212935948,10006.376844016888,7.0
