,sr,miu,irstp_consumption,irstp_damage,Utility 2105,Temperature overshoot 2105
0,0.24273736252366185,2164.887050833757,0.001,0.006475210911505117,10006.37684418085,7.0
