,sr,miu,irstp_consumption,irstp_damage,Utility 2105,Temperature overshoot 2105
0,0.2427893434437333,2164.847595684825,0.001000000000000326,0.010154260624831867,10006.37682362303,7.0
