,sr,miu,irstp_consumption,irstp_damage,Utility 2105,Temperature overshoot 2105
0,0.2427348700662996,2164.8876849263706,0.0010000000000000007,0.00810376855560681,10006.376844174925,7.0
