,sr,miu,irstp_consumption,irstp_damage,Utility 2105,Temperature overshoot 2105
0,0.2427348700662996,2164.886050918745,0.0010000000000000007,0.012479121733101593,10006.376844172355,7.0
