,sr,miu,irstp_consumption,irstp_damage,Utility 2105,Distance to consumption threshold 2105,Population below consumption threshold 2105,Temperature overshoot 2105
0,257,2,13632.828031708917,4,2477.375193941546,0.26619616818715286,372.6198936204345,7.0
1,257,2,6821.356959938641,2,2479.8240155644344,0.3072192248997478,372.6198936204345,7.0
2,857,2,4276.2952868669945,1,2483.3521517872086,1.1608787786283208,510.98771966139356,7.0
3,257,2,5484.374077152356,1,2477.074598094626,0.0,0.0,7.0
