,sr,miu,irstp_consumption,irstp_damage,Utility 2105,Distance to consumption threshold 2105,Population below consumption threshold 2105,Temperature overshoot 2105
0,0.24271480526431155,2164.8839655923257,0.0010000000000895382,0.0024461128904412137,10006.376841093785,0.0,0.0,7.0
