,sr,miu,irstp_consumption,irstp_damage,Utility 2105,Distance to consumption threshold 2105,Population below consumption threshold 2105,Temperature overshoot 2105
0,0.2427362858499097,2164.887139780739,0.001,0.013983415184273,10006.376844188217,0.0,0.0,7.0
1,0.2484233068127198,2065.0,0.001,0.005931428477343,10007.578786975788,0.0,0.0,7.0
