,sr,miu,irstp_consumption,irstp_damage,Utility 2105,Distance to consumption threshold 2105,Population below consumption threshold 2105,Temperature overshoot 2105
0,0.2472072350441666,2065.0,0.001,0.0148278865654487,10112.33888776137,0.0,0.0,6.0
1,0.2472067867330713,2065.0,0.001,0.0104204938320999,10112.338887763246,0.0,0.0,6.0
