,sr,miu,irstp_consumption,irstp_damage,Utility 2105,Distance to consumption threshold 2105,Population below consumption threshold 2105,Temperature overshoot 2105
0,0.2473666950966808,2065.0,0.001,0.0104256404227122,10126.852336456135,0.0,0.0,6.0
1,0.239464853386171,2065.0,0.001,0.0049907082266357,10126.459578285596,0.0,0.0,5.0
2,0.2473668671113614,2065.0,0.001,0.0030640513893416,10126.85233645615,0.0,0.0,6.0
3,0.2394647371226553,2065.0,0.001,0.004015682530291,10126.45956667852,0.0,0.0,5.0
