,sr,miu,irstp_consumption,irstp_damage,Utility 2105,Temperature overshoot 2105
0,0.2472066820060316,2065.0,0.001,0.0015562082174926,10112.33888776332,6.0
1,0.2472062196703807,2065.0,0.001,0.0044629826923482,10112.338887762007,6.0
