,sr,miu,irstp_consumption,irstp_damage,Utility 2105,Temperature overshoot 2105
0,0.2473668003509366,2065.0,0.001,0.0073480973318767,10126.852336456188,6.0
1,0.2394648974480003,2065.0,0.001,0.0065498182708087,10126.45958268443,5.0
2,0.2473667804216276,2065.0,0.001,0.0086622790582799,10126.852336456188,6.0
3,0.2394648995309946,2065.0,0.001,0.0072304801200543,10126.45958289238,5.0
