,sr,miu,irstp_consumption,irstp_damage,Utility 2105,Temperature overshoot 2105
0,0.2427365807822783,2164.887413774144,0.001,0.0137832129256235,10006.376844187524,7.0
1,0.2484231797510297,2065.0,0.001,0.0018479063817797,10007.578786976102,7.0
