,sr,miu,irstp_consumption,irstp_damage,Utility 2105,Temperature overshoot 2105
0,0.2484626884819986,2065.0,0.001,0.0118264600768889,10034.48967115862,6.0
1,0.2433890606998301,2186.7437715511,0.001,0.004142766475954,10054.902494008054,7.0
2,0.2484626966996425,2065.0,0.001,0.008165060385309,10034.48967115862,6.0
3,0.2433893901851027,2186.7435298728287,0.001,0.0016970059928768,10054.902494008333,7.0
