,sr,miu,irstp_consumption,irstp_damage,Utility 2105,Distance to consumption threshold 2105,Population below consumption threshold 2105,Temperature overshoot 2105
0,0.24742815866062548,2065.000004772556,0.0010000000282741255,0.01490141384599316,10126.852280535582,0.0,0.0,6.0
1,0.23932251448083652,2065.0000139676185,0.0010000007260085966,0.01019082331705588,10126.444492845378,0.0,0.0,5.0
