,sr,miu,irstp_consumption,irstp_damage,Utility 2105,Distance to consumption threshold 2105,Population below consumption threshold 2105,Temperature overshoot 2105
0,0.29587736531654363,2091.502341854827,0.0010267198149817335,0.0065437598660221105,10069.684511780137,0.009104690223060485,372.6198936204345,6.0
1,0.13415056138709924,2092.2469235231983,0.0011081293523655025,0.014867560828751982,9911.233205929606,0.0,0.0,6.0
