,sr,miu,irstp_consumption,irstp_damage,Utility 2105,Distance to consumption threshold 2105,Population below consumption threshold 2105,Temperature overshoot 2105
0,0.2394366924135322,2065.0000347615282,0.0010000000015819703,0.01376765420982554,10126.456732507826,0.0,0.0,5.0
1,0.2473434137671829,2065.0000000381233,0.0010000000000906161,0.012282576171956168,10126.852332925455,0.0,0.0,6.0
