,sr,miu,irstp_consumption,irstp_damage,Utility 2105,Distance to consumption threshold 2105,Population below consumption threshold 2105,Temperature overshoot 2105
0,0.23946107229834793,2065.000000000001,0.001,0.006982803754374488,10126.45920071491,0.0,0.0,5.0
1,0.24736518943345384,2065.000000000001,0.0010000000000000002,0.006930686375878059,10126.852336440226,0.0,0.0,6.0
