,sr,miu,irstp_consumption,irstp_damage,Utility 2105,Distance to consumption threshold 2105,Population below consumption threshold 2105,Temperature overshoot 2105
0,0.23946107229834793,2065.0,0.00100000000000002,0.006361968798553572,10126.459200714686,0.0,0.0,5.0
1,0.24736518943345384,2065.0000000000105,0.0010000000000000345,0.010311349285516257,10126.852336439999,0.0,0.0,6.0
