,sr,miu,irstp_consumption,irstp_damage,Utility 2105,Distance to consumption threshold 2105,Population below consumption threshold 2105,Temperature overshoot 2105
0,0.2393590242332009,2065.0012268631053,0.0010000000046544836,0.010165174915841914,10126.447959249985,0.0,0.0,5.0
1,0.24750172902617096,2065.0000034441987,0.0010000000025269108,0.00531876961702333,10126.852217575552,0.0,0.0,6.0
