,sr,miu,irstp_consumption,irstp_damage,Utility 2105,Distance to consumption threshold 2105,Population below consumption threshold 2105,Temperature overshoot 2105
0,0.23946377304933558,2065.0000000013442,0.00100000000000085,0.013818955150286626,10126.459470422362,0.0,0.0,5.0
1,0.2473653729221689,2065.000000000219,0.001000000000000545,0.014582945203217965,10126.85233644283,0.0,0.0,6.0
