,sr,miu,irstp_consumption,irstp_damage,Utility 2105,Distance to consumption threshold 2105,Population below consumption threshold 2105,Temperature overshoot 2105
0,0.23240433639266883,2065.0075020898375,0.0010002806480654454,0.014958740192129404,10125.143303197548,0.0,0.0,5.0
1,0.24638226506021052,2065.404545116416,0.0010000051752536397,0.009757193924573459,10126.518742121623,0.0,0.0,6.0
