,sr,miu,irstp_consumption,irstp_damage,Utility 2105,Distance to consumption threshold 2105,Population below consumption threshold 2105,Temperature overshoot 2105
0,0.23946107229834793,2065.0000000251116,0.0010000000000034688,0.006361968798553572,10126.45920069131,0.0,0.0,5.0
1,0.24736915292926612,2065.0000000041723,0.0010000000000020544,0.00691859052884147,10126.852336415739,0.0,0.0,6.0
