,sr,miu,irstp_consumption,irstp_damage,Utility 2105,Distance to consumption threshold 2105,Population below consumption threshold 2105,Temperature overshoot 2105
0,0.24736590201933759,2065.0,0.0010000000000000002,0.00957304319657214,10126.85233645128,0.0,0.0,6.0
1,0.2394637418665071,2065.0,0.001,0.00746863461936012,10126.4594673108,0.0,0.0,5.0
