,sr,miu,irstp_consumption,irstp_damage,Utility 2105,Distance to consumption threshold 2105,Population below consumption threshold 2105,Temperature overshoot 2105
0,0.23946374186362007,2065.0,0.001,0.007380490700344079,10126.459467310513,0.0,0.0,5.0
1,0.24736586306288763,2065.0,0.0010000000000000002,0.00957304319657214,10126.85233645084,0.0,0.0,6.0
