,sr,miu,irstp_consumption,irstp_damage,Utility 2105,Distance to consumption threshold 2105,Population below consumption threshold 2105,Temperature overshoot 2105
0,0.24736518943345384,2065.000000000001,0.0010000000000000002,0.006930686375878059,10126.852336440226,0.0,0.0,6.0
1,0.23946341501208862,2065.0,0.001,0.005857312271074551,10126.45943467445,0.0,0.0,5.0
