,sr,miu,irstp_consumption,irstp_damage,Utility 2105,Distance to consumption threshold 2105,Population below consumption threshold 2105,Temperature overshoot 2105
0,0.24806564895911234,2065.001658603385,0.001000003966831271,0.006160920906840242,10126.8439489529,0.0,0.0,6.0
1,0.23739687497218326,2065.0300259900373,0.0010000191707731567,0.007711359696805283,10126.182426898224,0.0,0.0,5.0
