,sr,miu,irstp_consumption,irstp_damage,Utility 2105,Distance to consumption threshold 2105,Population below consumption threshold 2105,Temperature overshoot 2105
0,0.24737289629262557,2065.00000040343,0.0010000000000238288,0.014263311938575374,10126.852335875907,0.0,0.0,6.0
1,0.23946010152988165,2065.000000002856,0.0010000000000081207,0.01303975565734656,10126.45910373611,0.0,0.0,5.0
