,sr,miu,irstp_consumption,irstp_damage,Utility 2105,Distance to consumption threshold 2105,Population below consumption threshold 2105,Temperature overshoot 2105
0,0.2507746061661521,2065.048980164851,0.0010000205555419823,0.006390878960536904,10126.72002001486,0.0,0.0,6.0
1,0.18237717769373657,2065.34232138361,0.0010000032882777482,0.006625229151506532,10098.045404622053,0.0,0.0,5.0
