,sr,irstp_consumption,irstp_damage,c1,c2,c3,r1,r2,r3,w0,w1,w2,w3,w4,w5,w6,w7,w8,w9,w10,w11,w12,w13,w14,w15,w16,w17,w18,w19,w20,w21,w22,w23,w24,w25,w26,w27,w28,w29,w30,w31,w32,w33,w34,w35,Utility 2105,Temperature overshoot 2105
0,0.3762988954110428,0.001111765558421421,0.011433913959504272,0.9374577056385489,0.5396393209127139,-0.32304650079500385,0.6466907368629413,0.9994904133724032,0.6597190938293193,0.8917275953500623,0.14891595051167283,0.2355466631917279,0.6636758633640978,0.38741786977178816,0.10873047810116387,0.6197168452443833,0.9832906418228029,0.9538741203992223,0.6098221363583546,0.706418587020803,0.6835298560155255,0.05901937601201335,0.713228682452822,0.35571067372553156,0.4151099277385759,0.24021617137020468,0.33616388806744313,0.10851152547909715,0.586238502508196,0.1345879043273832,0.28587702031156415,0.005306202753812661,0.8785490337160669,0.8726281260291979,0.20120511384969575,0.3412981346116952,0.14373302294049528,0.2550847268680324,0.1596909447480772,0.5182371223987866,0.2375137037535967,0.14635000504079565,0.48329544868076857,0.515551754281649,0.23686357361606403,9957.421401420936,0.0
