,sr,miu,irstp_consumption,irstp_damage,Utility 2105,Disutility 2105,Distance to consumption threshold 2105,Population below consumption threshold 2105,Distance to damage threshold 2105,Population above damage threshold 2105,Temperature overshoot 2105
0,0.36856229095661375,2097.487462009647,0.0010991692406128219,0.01480073729392773,9926.715111809233,30.844450640965906,0.04242878252587279,372.6198936204345,1.2960667431095323,6033.628846104919,6.0
1,0.19970221936277258,2095.627755737967,0.0012662192460228836,0.00621875291557898,9831.206888775137,25.8557794988398,0.0,0.0,0.8093232675902657,4536.524725402596,6.0
2,0.13418134355792738,2083.525031256863,0.007000358641159269,0.01262209482028372,5513.1748085807385,22.33404303098501,0.0,0.0,0.521837258073204,3056.9834025114515,6.0
