,sr,miu,irstp_consumption,irstp_damage,Utility 2105,Disutility 2105,Distance to consumption threshold 2105,Population below consumption threshold 2105,Distance to damage threshold 2105,Population above damage threshold 2105,Temperature overshoot 2105
0,0.17967652388632713,2251.5900748982026,0.0010658274661573218,0.0036750387168346765,9992.774474532613,34.29179420334657,0.0,0.0,1.7301158984296716,6033.628846104919,6.0
1,0.24049100498578058,2105.5941274119173,0.0016086335898081632,0.014117983072150762,9497.815614828296,30.62728098158916,0.0,0.0,1.362857938500018,6033.628846104919,6.0
2,0.4394798224544185,2069.572916471583,0.001522333148203749,0.012766824035505761,9398.477234058475,29.51600323133916,0.0,0.0,1.3210461285226942,6033.628846104919,6.0
3,0.1174048067468267,2065.379892780916,0.0024109269432634854,0.009333868969078798,8672.624186026611,20.473596497026712,0.0,0.0,0.4825012499087611,3056.9834025114515,6.0
4,0.16549745168823216,2234.7424892235267,0.0011603006780782211,0.013385153037673757,9885.51228024223,33.29486961155032,0.0,0.0,1.6397717302564694,6033.628846104919,6.0
