,sr,miu,irstp_consumption,irstp_damage,Utility 2105,Disutility 2105,Temperature overshoot 2105
0,0.14773501158196384,2090.7582957058157,0.0013638209827428953,0.010266895534984041,9550.107529146699,51.803765371603504,7.0
1,0.3177409301775478,2069.5114234737284,0.0025806499448690814,0.012273757530555159,8514.019450773356,51.26946179073799,7.0
