,sr,miu,irstp_consumption,irstp_damage,Utility 2105,Disutility 2105,Temperature overshoot 2105
0,0.22538694643570234,2065.5033819962855,0.005629418311919062,0.0067698031498596364,6393.651781841656,83.41072472638902,3.0
1,0.46628150104468313,2067.428434127398,0.0019281051215792517,0.0022060581454834928,9006.135574859598,88.16317803671629,4.0
2,0.4466651993129287,2087.5571370916336,0.0010577265085682532,0.007614337366603701,9857.322307929184,91.04539900968356,5.0
3,0.17234070476402233,2192.334141551447,0.0013580110950731361,0.013815667240054709,9754.283555195112,90.51320910397841,5.0
4,0.10935179468373156,2136.338394852663,0.002988401281007089,0.005568966851794941,8202.36724852931,86.65897548153453,5.0
