,sr,miu,irstp_consumption,irstp_damage,Utility 2105,Disutility 2105,Distance to consumption threshold 2105,Population below consumption threshold 2105,Distance to damage threshold 2105,Population above damage threshold 2105,Temperature overshoot 2105
0,0.19032613599776993,2080.3968096535036,0.0023367527678043306,0.002412661058488942,8748.6375507155,20.79124722177728,0.19601420684781468,372.6198936204345,0.8363825585114586,4536.524725402596,6.0
1,0.11649647623932952,2088.9302824604015,0.011766318032309812,0.005618473139814923,3390.7305089976535,20.173792298054053,0.18504816734262844,372.6198936204345,0.8244808826599149,4536.524725402596,6.0
2,0.2241862759863809,2239.5155984730263,0.001163707957207682,0.007477829424423051,9887.912282003697,37.87285261364526,0.654193832229955,372.6198936204345,2.302396950356703,6914.12451279686,7.0
3,0.14901617675246306,2099.749189618567,0.0016320370438410157,0.012788796270986544,9343.093113988885,23.63063922185608,0.26281216607683,372.6198936204345,1.101580249659572,6033.628846104919,7.0
4,0.3876448910022414,2093.563137335818,0.0015322316956746045,0.0010360308933004682,9383.991706856876,30.65859841175082,0.4938592087834962,372.6198936204345,1.7120613440961083,6033.628846104919,7.0
5,0.3323673102489947,2066.142650542082,0.006154341680042214,0.0111944498594241,5978.340985846592,20.669520182006487,0.21191125425978835,372.6198936204345,0.8174635567630386,4536.524725402596,6.0
