,sr,miu,irstp_consumption,irstp_damage,Utility 2105,Distance to consumption threshold 2105,Population below consumption threshold 2105,Temperature overshoot 2105
0,0.24740719359893876,2065.010294778498,0.0010000035394755152,0.004389231925216112,10007.552834430913,0.0,0.0,7.0
