,sr,miu,irstp,Total Aggregated Utility,Distance to threshold 2035,Distance to threshold 2055,Distance to threshold 2075,Population under threshold 2035,Population under threshold 2055,Population under threshold 2075
0,0.10000090840661867,2065.0523587642865,0.0010000036342446355,17672.894861708326,0.09882148596881013,0.0,0.0,265.1144638558088,0.0,0.0
1,0.1331423495479138,2065.0502220024546,0.0010000000477905677,17800.15341011719,0.1026417633784158,0.0,0.0,265.1144638558088,0.0,0.0
2,0.15190957271574432,2065.028695531423,0.0010000000002990837,17850.04169647504,0.10480561780679398,0.0,0.0,265.1144638558088,0.0,0.0
3,0.22119062229235803,2074.4205267158486,0.0010000000000000104,17950.07216110357,0.11287035199800433,0.0,0.0,265.1144638558088,0.0,0.0
4,0.11820743251116606,2066.353913124281,0.0010000000000000009,17750.267758730748,0.10092894343088732,0.0,0.0,265.1144638558088,0.0,0.0
5,0.17733242088973974,2068.1394470206337,0.0010000000000000002,17900.0196016538,0.10775964975803376,0.0,0.0,265.1144638558088,0.0,0.0
6,0.10583472993991065,2065.988021776962,0.001,17700.015807428248,0.09950038118123361,0.0,0.0,265.1144638558088,0.0,0.0
