,sr,miu,irstp_consumption,irstp_damage,Utility 2105,Disutility 2105,Temperature overshoot 2105
0,0.24646943596548576,2068.5501914928614,0.008648449538684603,0.007863715117671187,4671.060296658359,49.449156253903524,7.0
1,0.32001137544495395,2072.8766029315107,0.005813232520208964,0.007558425646740333,6166.374646325852,52.22539981386417,7.0
2,0.40558655573542945,2077.9643707435916,0.0012666743291879202,0.005714945592531859,9582.933843254412,55.60007832015185,7.0
3,0.13426537817692066,2081.0812713474998,0.011199415841522554,0.00377747297982137,3587.573488978834,49.418941852177205,7.0
4,0.21250749191575058,2109.680470111846,0.0010764928872805776,0.0056785778873716525,9909.060900163744,57.02743395894541,7.0
5,0.13803170148020852,2105.8167202702243,0.005104240878245417,0.007705233090754334,6577.454066437369,53.77751062533005,7.0
