,sr,miu,irstp_consumption,irstp_damage,Utility 2105,Lowest income per capita 2105,Temperature overshoot 2105
0,0.24842384586716587,2065.0,0.007011522490599607,0.01459428219458669,11059.53241366021,6.596557942660001,7.0
