,Utility,Disutility,Intratemporal consumption Gini,Intratemporal damage Gini,Lowest income per capita,Highest damage per capita,Distance to consumption threshold,Population below consumption threshold,Distance to damage threshold,Population above damage threshold,Temperature overshoot
2,0.5603583797769724,0.8739544258861589,0.7201542332303437,0.9671398352783201,0.8117401764500244,0.7433601692511919,0.9978594992094982,0.863497488031668,0.321909348657087,0.5813711976764055,0.9996696015477474
3,0.4777274035273697,0.6961530125465093,0.7069064938892445,0.935457760486874,0.7122126282400397,0.5988320123350283,0.9741782882592511,0.7240922239764502,0.2869485424606804,0.4687538264053482,0.7003601855017272
4,0.4647919101877157,0.6886415924975073,0.6625071942492958,0.697855103179061,0.6831557684787186,0.616353617147342,0.9682125393071295,0.7240006774686347,0.5687207985338664,0.3809392938157721,0.6400033968602675
5,0.44586068705602977,0.6140637912122698,0.6102695710241827,0.6930665860345393,0.5940338953810284,0.5737878218067652,0.9665584832262245,0.7505358373495418,0.5552289383403924,0.35489597294787273,0.7192498462599772
6,0.42316441908760705,0.4799889131013047,0.6097290184435524,0.6874969304155847,0.6057123099928273,0.5536921989121965,0.9652241204157549,0.7505283634315654,0.528924207583733,0.3372926823251551,0.7079785124232487
7,0.4346769503328444,0.47765346285182425,0.5016556636170385,0.5132624942998605,0.6235197194318758,0.5403709647666659,0.9566510448147677,0.6971137072043956,0.3917427596617402,0.3225779696177658,0.6351653926282226
8,0.4341293884831777,0.47756943641032273,0.49336104149848725,0.5143452475981105,0.6153285695353629,0.5285686837762241,0.9604274457934512,0.6965436682057818,0.38917711589205806,0.3779192983417432,0.5945833485031796
9,0.4088742776282534,0.39825230440052073,0.4833038990124314,0.5147896253469604,0.63267964372049,0.5113727173409911,0.9608509625415544,0.6858964205828151,0.4414807931452234,0.3639539747709091,0.5523527407031649
10,0.40845885587319836,0.39307883012230943,0.4834325086877247,0.5178126371916519,0.5771032933492728,0.5120592907395781,0.9606830459381542,0.6858776254266341,0.44128757824537673,0.3132765628000539,0.5777220461666657
