,sr,miu,irstp_consumption,irstp_damage,Utility 2105,Distance to consumption threshold 2105,Population below consumption threshold 2105,Temperature overshoot 2105
0,0.24843655704559206,2065.0,0.0010000000000000002,0.0015165098221431223,10007.578785818221,0.0,0.0,7.0
