,sr,miu,irstp_consumption,irstp_damage,Utility 2105,Distance to consumption threshold 2105,Population below consumption threshold 2105,Temperature overshoot 2105
0,0.24841903326412937,2065.0,0.0010000000000000002,0.0010010403803630639,10007.57878687374,0.0,0.0,7.0
