,sr,miu,irstp_consumption,irstp_damage,Utility 2105,Lowest income per capita 2105,Disutility 2105,Highest damage per capita 2105,Temperature overshoot 2105
0,0.26588997137622816,2069.1023871286448,0.001850555608172213,0.010832069097184174,11168.789473463019,6.762782476175445,25.362910967040442,0.05001762735546255,6.0
1,0.13415056138709924,2092.2469235231983,0.0011081293523655025,0.014867560828751982,11051.478193078505,6.565636522499288,24.852012640936167,0.04788473644075242,6.0
2,0.118218081685436,2086.6099868424535,0.003662397693544624,0.0026792696486674,11020.001328593613,6.516711004670725,23.328284486089288,0.04479090467485277,6.0
