,sr,miu,irstp_consumption,irstp_damage,Utility 2105,Temperature overshoot 2105
0,0.24273658078227836,2164.8874137741436,0.0010000000000000007,0.013783212925623565,10006.376844187525,7.0
