,sr,miu,irstp_consumption,irstp_damage,Utility 2105,Disutility 2105,Distance to consumption threshold 2105,Population below consumption threshold 2105,Distance to damage threshold 2105,Population above damage threshold 2105,Temperature overshoot 2105
0,0.26588997137622816,2069.1023871286448,0.001850555608172213,0.010832069097184174,9211.422801962734,20.111352521177555,0.1868455673775189,372.6198936204345,0.7601708343325944,3056.9834025114515,6.0
1,0.29587736531654363,2091.502341854827,0.0010267198149817335,0.0065437598660221105,9970.517419279151,27.271751754082672,0.3606291129104956,372.6198936204345,1.390748904058853,6033.628846104919,7.0
2,0.13415056138709924,2092.2469235231983,0.0011081293523655025,0.014867560828751982,9812.43268773864,21.46963429340857,0.21368165231929198,372.6198936204345,0.9253455730221201,4536.524725402596,7.0
3,0.118218081685436,2086.6099868424535,0.003662397693544624,0.0026792696486674,7581.19231706959,19.800405235792947,0.17611513249901445,372.6198936204345,0.7898802490393472,4536.524725402596,6.0
