,sr,miu,irstp_consumption,irstp_damage,Utility 2105,Distance to consumption threshold 2105,Population below consumption threshold 2105,Temperature overshoot 2105
0,857,2,12503.447135308828,3,2483.3521517872086,0.0,0.0,7.0
1,115,2,11460.51756937008,3,2485.8795368807346,0.2052637183537228,372.6198936204345,7.0
2,405,2,11466.298080990304,4,2491.6526214959367,1.129899206664264,372.6198936204345,7.0
