,sr,miu,irstp_consumption,irstp_damage,Utility 2105,Distance to consumption threshold 2105,Population below consumption threshold 2105,Temperature overshoot 2105
0,857,2,12503.447135308828,3,2483.3521517872086,0.0,0.0,7.0
1,115,2,11460.51756937008,3,2485.8795368807346,0.2052637183537228,372.6198936204345,7.0
2,862,2,9373.490299723331,2,2506.840499992122,0.5697218092979618,372.6198936204345,7.0
