,sr,miu,irstp_consumption,irstp_damage,Utility 2105,Temperature overshoot 2105
0,0.24027377806334382,2135.2255443784,0.0011084787789757253,0.0028428449993209205,9971.759540598805,6.0
