,sr,miu,irstp_consumption,irstp_damage,Utility 2105,Temperature overshoot 2105
0,0.24846269669964255,2065.0,0.0010000000000000005,0.008165060385309066,10034.48967115862,6.0
1,0.2433894427240016,2186.7342308570087,0.0010000000000000005,0.003674243602742397,10054.902493915786,7.0
