,sr,miu,irstp_consumption,irstp_damage,Utility 2105,Distance to consumption threshold 2105,Population below consumption threshold 2105,Temperature overshoot 2105
0,0.2427395137724098,2164.8990417300583,0.0010000000000010714,0.009864449501586325,10006.376843829788,0.0,0.0,7.0
