,sr,miu,irstp_consumption,irstp_damage,Utility 2105,Distance to consumption threshold 2105,Population below consumption threshold 2105,Temperature overshoot 2105
0,0.2427394779973073,2164.886036062398,0.0010000000000000002,0.0073611816131091915,10006.376844121518,0.0,0.0,7.0
