,sr,miu,irstp_consumption,irstp_damage,Utility 2105,Distance to consumption threshold 2105,Population below consumption threshold 2105,Temperature overshoot 2105
0,0.2394638073277392,2065.000000058703,0.0010000000004905937,0.0010554487856491773,10126.459473303732,0.0,0.0,5.0
1,0.24735946199206213,2065.0000000034506,0.0010000000000512353,0.003204387674599089,10126.852336066666,0.0,0.0,6.0
