,sr,miu,irstp_consumption,irstp_damage,Utility 2105,Distance to consumption threshold 2105,Population below consumption threshold 2105,Temperature overshoot 2105
0,0.2394638073277392,2065.000000008045,0.001000000000001267,0.0018784779986916588,10126.459473839172,0.0,0.0,5.0
1,0.24736379123398655,2065.000000001786,0.0010000000000001976,0.0034627794117817494,10126.852336398477,0.0,0.0,6.0
