,sr,miu,irstp_consumption,irstp_damage,Utility 2105,Distance to consumption threshold 2105,Population below consumption threshold 2105,Temperature overshoot 2105
0,0.24736387188150477,2065.000000000137,0.001000000000000019,0.001522401958562852,10126.852336402777,0.0,0.0,6.0
1,0.2394638073277392,2065.000000000004,0.0010000000000001796,0.001615308328220728,10126.459473846702,0.0,0.0,5.0
