,sr,miu,irstp_consumption,irstp_damage,Utility 2105,Distance to consumption threshold 2105,Population below consumption threshold 2105,Temperature overshoot 2105
0,0.24273628584990975,2164.887139780739,0.0010000000000000002,0.013983415184273094,10006.376844188215,0.0,0.0,7.0
