,sr,miu,irstp_consumption,irstp_damage,Utility 2105,Distance to consumption threshold 2105,Population below consumption threshold 2105,Temperature overshoot 2105
0,0.24271493025758217,2164.888950288425,0.001000000000000059,0.0077999740688662065,10006.376841262605,0.0,0.0,7.0
