,sr,miu,irstp_consumption,irstp_damage,Utility 2105,Temperature overshoot 2105
0,0.24721209929894397,2065.0000733979105,0.0010000000042123438,0.003507700023952991,10112.338813392384,6.0
