,sr,miu,irstp_consumption,irstp_damage,Utility 2105,Temperature overshoot 2105
0,0.24721209659495988,2065.0000000000073,0.001,0.005356061475988626,10112.33888757963,6.0
