,sr,miu,irstp_consumption,irstp_damage,Utility 2105,Temperature overshoot 2105
0,0.24440016874525408,2066.3429479679944,0.0010019397194969938,0.005211802788627036,10109.076299155648,6.0
