,sr,miu,irstp_consumption,irstp_damage,Utility 2105,Temperature overshoot 2105
0,0.24720605473153504,2065.0000000000005,0.001,0.003993484246203042,10112.338887760894,6.0
