,sr,miu,irstp_consumption,irstp_damage,Utility 2105,Disutility 2105,Distance to consumption threshold 2105,Population below consumption threshold 2105,Distance to damage threshold 2105,Population above damage threshold 2105,Temperature overshoot 2105
0,0.13237841444919396,2066.654382497193,0.0013694846328186094,0.013158502702619469,9683.780496957612,81.17924544994713,0.0,0.0,0.07795980817181025,1863.0994681021725,3.0
1,0.21629253191984588,2069.029941897561,0.0013514349345318732,0.010174136496498173,9787.56332481468,83.7718163221061,0.0,0.0,0.22980781279230622,1863.0994681021725,4.0
2,0.21186780562021068,2168.470236227486,0.0011569670452373504,0.007570044328804634,9981.167382562227,91.19032174754258,0.0,0.0,0.8408292949306435,4536.524725402596,5.0
