,sr,miu,irstp_consumption,irstp_damage,Utility 2105,Disutility 2105,Distance to consumption threshold 2105,Population below consumption threshold 2105,Distance to damage threshold 2105,Population above damage threshold 2105,Temperature overshoot 2105
0,857,2,13335.292085659317,4,2483.386522993303,59.666800805967206,0.0,0.0,3.5561262980472015,6914.12451279686,7.0
1,857,2,13168.512793790806,4,2486.1097569483686,66.34368498586903,1.3732587567421326,749.7645065432494,3.5572964823567252,6914.12451279686,7.0
2,857,2,12665.52331932844,0,2486.1101263719743,67.73290877010099,0.0,0.0,3.557291671904895,6914.12451279686,7.0
