,sr,miu,irstp_consumption,irstp_damage,Utility 2105,Disutility 2105,Distance to consumption threshold 2105,Population below consumption threshold 2105,Distance to damage threshold 2105,Population above damage threshold 2105,Temperature overshoot 2105
0,0.24646943596548576,2068.5501914928614,0.008648449538684603,0.007863715117671187,4671.060296658359,49.449156253903524,0.0,0.0,1.1755754158971643,6033.628846104919,7.0
1,0.18349408526068878,2108.138810016134,0.0031868021888324595,0.003292836032033212,8010.896891149071,55.80917016224194,0.0,0.0,1.9098009157684457,6033.628846104919,7.0
2,0.32001137544495395,2072.8766029315107,0.005813232520208964,0.007558425646740333,6166.374646325852,52.22539981386417,0.0,0.0,1.4929784718510322,6033.628846104919,7.0
3,0.40558655573542945,2077.9643707435916,0.0012666743291879202,0.005714945592531859,9582.933843254412,55.60007832015185,0.0,0.0,2.053761791112528,6033.628846104919,7.0
4,0.13426537817692066,2081.0812713474998,0.011199415841522554,0.00377747297982137,3587.573488978834,49.418941852177205,0.0,0.0,1.2033421785291627,6033.628846104919,7.0
5,0.21250749191575058,2109.680470111846,0.0010764928872805776,0.0056785778873716525,9909.060900163744,57.02743395894541,0.0,0.0,2.056992567100231,6033.628846104919,7.0
6,0.13803170148020852,2105.8167202702243,0.005104240878245417,0.007705233090754334,6577.454066437369,53.77751062533005,0.0,0.0,1.6835644603932822,6033.628846104919,7.0
