,sr,miu,irstp_consumption,irstp_damage,Utility 2105,Lowest income per capita 2105,Temperature overshoot 2105
0,0.24841965173137515,2065.0000000001332,0.005101878939185665,0.010699732764065465,11059.532413583362,6.596559143624214,7.0
