,sr,miu,irstp_consumption,irstp_damage,Utility 2105,Distance to consumption threshold 2105,Population below consumption threshold 2105,Temperature overshoot 2105
0,0.2578262804455997,2065.451455222773,0.0010002674835728092,0.014320307908775346,10033.149965304585,0.1606842081847193,372.6198936204345,6.0
1,0.22937186766237305,2065.3875262146335,0.0010020117917229814,0.013516792786743899,10029.684780924827,0.1442090993076643,372.6198936204345,6.0
2,0.21231163019545524,2298.4417510562434,0.0010039249850339466,0.01362097172619301,10040.270634658276,0.6808505634954127,372.6198936204345,7.0
3,0.14495638588089413,2065.2890774879006,0.0010100043515044418,0.0043659777476604,9946.31521925591,0.09685457976343725,372.6198936204345,6.0
4,0.25203588448294045,2271.028423687033,0.0010004163507658088,0.013557572530062989,10050.599884493884,0.7452454093709149,372.6198936204345,7.0
