,sr,miu,irstp_consumption,irstp_damage,Utility 2105,Distance to consumption threshold 2105,Population below consumption threshold 2105,Temperature overshoot 2105
0,0.2437619211487226,2065.0,0.0010000000000000002,0.0010201758989191385,10034.349330121908,0.14999240492063476,372.6198936204345,6.0
1,0.15296787300695147,2065.0,0.0010000000000000178,0.0016455288423103548,9969.061187484978,0.09999860319810583,372.6198936204345,6.0
2,0.24840389178610756,2065.0,0.001,0.007499219986977723,10034.489649310022,0.15260133202202986,372.6198936204345,6.0
3,0.24164249998503282,2178.021271330558,0.0010000000122156688,0.0030124259033355904,10054.788745436943,0.5989955882525045,372.6198936204345,7.0
4,0.24164249998503282,2185.386164349,0.0010000000120773927,0.0031757630262631066,10054.880572075483,0.6125887450859182,372.6198936204345,7.0
5,0.2316972443353556,2141.5812967956394,0.0010000000061182483,0.002082123048558574,10049.722214954854,0.49961184778857326,372.6198936204345,7.0
6,0.23710054359101165,2157.9135478905728,0.0010000000000105825,0.0029258247542373215,10053.293584262372,0.5490130308920642,372.6198936204345,7.0
7,0.22721328905492563,2126.9943330022206,0.0010000000000039999,0.0019448367049282162,10043.492151602117,0.44990552109902787,372.6198936204345,7.0
8,0.22773531582907144,2114.518313598349,0.001000000000000013,0.003251149622718583,10036.561021477182,0.3998526799001514,372.6198936204345,7.0
