,sr,miu,irstp_consumption,irstp_damage,Utility 2105,Distance to consumption threshold 2105,Population below consumption threshold 2105,Temperature overshoot 2105
0,0.23123149847382252,2125.3190274232575,0.001000021554934427,0.0021802192305204024,10043.414488125043,0.4496468042035607,372.6198936204345,7.0
1,0.2437619211487226,2065.0,0.0010000000000000002,0.0010201758989191385,10034.349330121908,0.14999240492063476,372.6198936204345,6.0
2,0.15296787300695147,2065.0,0.0010000000000000178,0.0016455288423103548,9969.061187484978,0.09999860319810583,372.6198936204345,6.0
3,0.24840389178610756,2065.0,0.001,0.007499219986977723,10034.489649310022,0.15260133202202986,372.6198936204345,6.0
4,0.23547759615019664,2159.006632171548,0.0010000000015243002,0.0019922301661421562,10053.25416831969,0.5488964445748437,372.6198936204345,7.0
5,0.24164249998503282,2178.021271330558,0.0010000000122156688,0.0030124259033355904,10054.788745436943,0.5989955882525045,372.6198936204345,7.0
6,0.24164249998503282,2185.386164349,0.0010000000120773927,0.0031757630262631066,10054.880572075483,0.6125887450859182,372.6198936204345,7.0
7,0.22639640185571774,2114.4001540943,0.001000000000195068,0.0017283690236378404,10036.137495923402,0.3978370750404392,372.6198936204345,7.0
8,0.2316972443353556,2141.5812967956394,0.0010000000061182483,0.002082123048558574,10049.722214954854,0.49961184778857326,372.6198936204345,7.0
