,sr,miu,irstp_consumption,irstp_damage,Utility 2105,Distance to consumption threshold 2105,Population below consumption threshold 2105,Temperature overshoot 2105
0,0.26588997137622816,2069.1023871286448,0.001850555608172213,0.010832069097184174,9211.422801962734,0.1868455673775189,372.6198936204345,6.0
1,0.29587736531654363,2091.502341854827,0.0010267198149817335,0.0065437598660221105,9970.517419279151,0.3606291129104956,372.6198936204345,7.0
2,0.13415056138709924,2092.2469235231983,0.0011081293523655025,0.014867560828751982,9812.43268773864,0.21368165231929198,372.6198936204345,7.0
3,0.118218081685436,2086.6099868424535,0.003662397693544624,0.0026792696486674,7581.19231706959,0.17611513249901445,372.6198936204345,6.0
