,sr,miu,irstp_consumption,irstp_damage,Utility 2105,Temperature overshoot 2105
0,0.24339663614324733,2186.649810380744,0.00100000000130677,0.010393581452642301,10054.902483021315,7.0
1,0.24845161736505159,2065.000006382906,0.0010000000041644514,0.007781985693839826,10034.489658852883,6.0
