,sr,miu,irstp_consumption,irstp_damage,Utility 2105,Disutility 2105,Distance to consumption threshold 2105,Population below consumption threshold 2105,Distance to damage threshold 2105,Population above damage threshold 2105,Temperature overshoot 2105
0,0.24646943596548576,2068.5501914928614,0.008648449538684603,0.007863715117671187,4722.132540703313,24.75776584362197,0.0,0.0,0.8172036996424155,4536.524725402596,6.0
1,0.18349408526068878,2108.138810016134,0.0031868021888324595,0.003292836032033212,8094.9398727598455,28.533399093906223,0.0,0.0,1.1791706460109936,6033.628846104919,6.0
2,0.13426537817692066,2081.0812713474998,0.011199415841522554,0.00377747297982137,3631.03836004501,23.225481292884815,0.0,0.0,0.7178101898644687,4536.524725402596,6.0
3,0.21250749191575058,2109.680470111846,0.0010764928872805776,0.0056785778873716525,10010.178562930763,30.03613207104469,0.0,0.0,1.3107384877094859,6033.628846104919,6.0
4,0.13803170148020852,2105.8167202702243,0.005104240878245417,0.007705233090754334,6648.778381423797,26.475541230110217,0.0,0.0,1.0112549283532284,4536.524725402596,6.0
5,0.1113252037839882,2088.2049996971296,0.00863978459703949,0.0081406208228644,4654.3388176735225,23.262574513981708,0.0,0.0,0.7395456158678597,4536.524725402596,6.0
