,sr,miu,irstp_consumption,irstp_damage,Utility 2105,Lowest income per capita 2105,Temperature overshoot 2105
0,546,2,6877.869897201896,3,11074.098306473159,3.3260229629521487,7.0
