,sr,miu,irstp_consumption,irstp_damage,Utility 2105,Disutility 2105,Temperature overshoot 2105
0,0.29587736531654363,2091.502341854827,0.0010267198149817335,0.0065437598660221105,10050.690095293357,30.26890985296657,6.0
1,0.13415056138709924,2092.2469235231983,0.0011081293523655025,0.014867560828751982,9892.853315416844,24.852012640936167,6.0
2,0.118218081685436,2086.6099868424535,0.003662397693544624,0.0026792696486674,7645.683037885164,23.328284486089288,6.0
