,sr,miu,irstp_consumption,irstp_damage,Utility 2105,Disutility 2105,Temperature overshoot 2105
0,0.3845582932321011,2081.0326433518107,0.0012915252055162249,0.006832239671056661,9704.333499207905,30.569833145494037,6.0
1,0.3198760383492778,2223.5641952210503,0.0011045408321385096,0.009514608874585644,9947.862229282142,40.340159329912865,6.0
2,0.11576922589782304,2066.8833601083456,0.010280497982469525,0.005161627011727354,3965.681520566709,20.651194033534733,6.0
3,0.1810829009325603,2067.725489828504,0.0038720839979383332,0.00916940521691383,7569.062657967384,22.806213715907955,6.0
4,0.24175405311076661,2165.6132408687167,0.001271940207289433,0.009863963050808281,9822.430879287209,34.90427547107987,6.0
