,sr,miu,irstp_consumption,irstp_damage,Utility 2105,Temperature overshoot 2105
0,0.2473909997868326,2065.000065786907,0.0010000000144306975,0.005296692133711114,10126.852265469443,6.0
1,0.23930768724432627,2065.000908449186,0.0010000009016822335,0.004654033813138894,10126.442093903703,5.0
