,sr,miu,irstp_consumption,irstp_damage,Utility 2105,Temperature overshoot 2105
0,0.24507213217603724,2065.003218543903,0.0010000090719029856,0.004841234931977041,10126.80766095834,6.0
1,0.23727442160050788,2065.002479848789,0.0010000090210711974,0.005229102838914413,10126.199023124596,5.0
