,sr,miu,irstp_consumption,irstp_damage,Utility 2105,Lowest income per capita 2105,Temperature overshoot 2105
0,0.24646943596548576,2068.5501914928614,0.008648449538684603,0.007863715117671187,11171.736926747202,6.77479384511741,6.0
