,sr,miu,irstp_consumption,irstp_damage,Utility 2105,Distance to consumption threshold 2105,Population below consumption threshold 2105,Temperature overshoot 2105
0,0.2394556733893007,2065.00000003538,0.0010000000001981052,0.005988923544814554,10126.458661046396,0.0,0.0,5.0
1,0.247374798743324,2065.0000000239115,0.0010000000000325547,0.006172844312426255,10126.852336003822,0.0,0.0,6.0
