,sr,miu,irstp_consumption,irstp_damage,Utility 2105,Distance to consumption threshold 2105,Population below consumption threshold 2105,Temperature overshoot 2105
0,0.23868572496799947,2065.0000257701586,0.001000002170467572,0.005443763305721933,10126.37569103978,0.0,0.0,5.0
1,0.2478745569609004,2065.000744402531,0.0010000000011429514,0.006139752054372559,10126.850131032563,0.0,0.0,6.0
