,sr,miu,irstp_consumption,irstp_damage,Utility 2105,Distance to consumption threshold 2105,Population below consumption threshold 2105,Temperature overshoot 2105
0,0.24732631542929812,2065.0000003223618,0.0010000000002518715,0.005313239951875133,10126.852325724585,0.0,0.0,6.0
1,0.23941141510835287,2065.0000034433415,0.0010000000025269108,0.00531876961702333,10126.454219781279,0.0,0.0,5.0
