,sr,miu,irstp_consumption,irstp_damage,Utility 2105,Distance to consumption threshold 2105,Population below consumption threshold 2105,Temperature overshoot 2105
0,0.24736669519720508,2065.0,0.0010000000000000002,0.009073890449577779,10126.852336456133,0.0,0.0,6.0
1,0.23946467537756486,2065.0,0.001,0.009450829955184028,10126.459560514173,0.0,0.0,5.0
