,sr,miu,irstp_consumption,irstp_damage,Utility 2105,Distance to consumption threshold 2105,Population below consumption threshold 2105,Temperature overshoot 2105
0,0.24736669509668088,2065.0,0.0010000000000000002,0.01042564042271226,10126.852336456135,0.0,0.0,6.0
1,0.23946485338617107,2065.0,0.001,0.004990708226635707,10126.459578285596,0.0,0.0,5.0
