,sr,miu,irstp_consumption,irstp_damage,Utility 2105,Distance to consumption threshold 2105,Population below consumption threshold 2105,Temperature overshoot 2105
0,0.24736669280396564,2065.0,0.0010000000000000002,0.006565758103310142,10126.85233645613,0.0,0.0,6.0
1,0.2394641110108134,2065.0,0.001,0.0021208180165925615,10126.459504168146,0.0,0.0,5.0
