,sr,miu,irstp_consumption,irstp_damage,Utility 2105,Distance to consumption threshold 2105,Population below consumption threshold 2105,Temperature overshoot 2105
0,0.23946107229834793,2065.0000000000255,0.0010000000000002043,0.0071038213660896375,10126.459200714664,0.0,0.0,5.0
1,0.24736508423713677,2065.000000000001,0.0010000000000017178,0.006771153617576438,10126.85233643626,0.0,0.0,6.0
