,sr,miu,irstp_consumption,irstp_damage,Utility 2105,Distance to consumption threshold 2105,Population below consumption threshold 2105,Temperature overshoot 2105
0,0.24750025073291038,2065.0001408363596,0.0010000000637259293,0.0010963919405017058,10126.852048001272,0.0,0.0,6.0
1,0.23860780096501297,2065.0015960734218,0.0010000000397422362,0.0022304060272835074,10126.367999888924,0.0,0.0,5.0
