,sr,miu,irstp_consumption,irstp_damage,Utility 2105,Distance to consumption threshold 2105,Population below consumption threshold 2105,Temperature overshoot 2105
0,0.23946325783408987,2065.0000045571755,0.0010000000007524506,0.001061064909316811,10126.45941458778,0.0,0.0,5.0
1,0.2473830788096775,2065.0000000061373,0.0010000000000633352,0.0028004236483244824,10126.852334731855,0.0,0.0,6.0
