,sr,miu,irstp_consumption,irstp_damage,Utility 2105,Distance to consumption threshold 2105,Population below consumption threshold 2105,Temperature overshoot 2105
0,0.2394638073277392,2065.000000000002,0.0010000000000000005,0.0011988773286045105,10126.45947384693,0.0,0.0,5.0
1,0.24736387188150477,2065.0,0.0010000000000000128,0.0012213060694416327,10126.852336402886,0.0,0.0,6.0
