,sr,miu,irstp_consumption,irstp_damage,Utility 2105,Distance to consumption threshold 2105,Population below consumption threshold 2105,Temperature overshoot 2105
0,0.2371331481775177,2065.019000218304,0.0010000097852852403,0.0024321753952995045,10126.166907842946,0.0,0.0,5.0
1,0.24678076685469327,2065.025428324981,0.0010000007843571452,0.0011361223143509912,10126.829033810758,0.0,0.0,6.0
