,sr,miu,irstp_consumption,irstp_damage,Utility 2105,Distance to consumption threshold 2105,Population below consumption threshold 2105,Temperature overshoot 2105
0,0.23934696985322185,2065.0000315280154,0.0010000001010887747,0.0015061510998441822,10126.447593242458,0.0,0.0,5.0
1,0.2473830788096775,2065.000003034916,0.0010000000008904449,0.0022446026137103075,10126.852331467386,0.0,0.0,6.0
