,sr,miu,irstp_consumption,irstp_damage,Utility 2105,Disutility 2105,Temperature overshoot 2105
0,927,2,11757.354775628279,2,2482.8837988061673,67.89515309523075,7.0
1,927,2,10928.554308152276,2,2485.609111149193,67.92457107731491,7.0
