,sr,miu,irstp_consumption,irstp_damage,Utility 2105,Disutility 2105,Distance to consumption threshold 2105,Population below consumption threshold 2105,Distance to damage threshold 2105,Population above damage threshold 2105,Temperature overshoot 2105
0,0.26588997137622816,2069.1023871286448,0.001850555608172213,0.010832069097184174,9182.931396658692,50.046181047145836,0.0,0.0,1.2404552459286173,6033.628846104919,7.0
1,0.29587736531654363,2091.502341854827,0.0010267198149817335,0.0065437598660221105,9932.028340116876,56.47834012774493,0.0,0.0,1.99775376468578,6033.628846104919,7.0
2,0.13415056138709924,2092.2469235231983,0.0011081293523655025,0.014867560828751982,9773.46678443702,51.56781948613606,0.0,0.0,1.4365755134436249,6033.628846104919,7.0
3,0.118218081685436,2086.6099868424535,0.003662397693544624,0.0026792696486674,7552.160760361996,49.913491726887486,0.0,0.0,1.266532746476289,6033.628846104919,7.0
