,sr,miu,irstp_consumption,irstp_damage,Utility 2105,Temperature overshoot 2105
0,0.2427893419731294,2164.878322139904,0.0010000000000000007,0.01140397008077623,10006.376826097106,7.0
