,sr,miu,irstp_consumption,irstp_damage,Utility 2105,Temperature overshoot 2105
0,0.2427348627845246,2164.878315554755,0.0010000000000000007,0.012174184000336938,10006.376844016479,7.0
