,sr,miu,irstp_consumption,irstp_damage,Utility 2105,Temperature overshoot 2105
0,0.2427893419804497,2164.869396306886,0.0010000000000000007,0.01135374953205503,10006.376825764492,7.0
