,sr,miu,irstp_consumption,irstp_damage,Utility 2105,Temperature overshoot 2105
0,0.24278934185084655,2164.847682329593,0.001000000000000379,0.008776538522535392,10006.37682363633,7.0
