,sr,miu,irstp_consumption,irstp_damage,Utility 2105,Temperature overshoot 2105
0,0.24273487006519373,2164.8783229429237,0.0010000000000000007,0.010875611767339385,10006.376844016895,7.0
