,sr,miu,irstp_consumption,irstp_damage,Utility 2105,Temperature overshoot 2105
0,0.2427348700662996,2164.8858340608126,0.0010000000000000007,0.014688252761445201,10006.376844171216,7.0
