,sr,miu,irstp_consumption,irstp_damage,Utility 2105,Temperature overshoot 2105
0,0.24256396565429683,2164.844457375301,0.0010000000157763477,0.006592905731252287,10006.376631924553,7.0
