,sr,miu,irstp_consumption,irstp_damage,Utility 2105,Temperature overshoot 2105
0,0.24273486995350738,2164.878322945071,0.0010000000000000007,0.012276942446081837,10006.376844016891,7.0
