,sr,miu,irstp_consumption,irstp_damage,Utility 2105,Temperature overshoot 2105
0,0.24278173870271264,2164.8529194370744,0.0010000000000745088,0.0071024062097609164,10006.376828979684,7.0
