,sr,miu,irstp_consumption,irstp_damage,Utility 2105,Temperature overshoot 2105
0,0.24278173870271264,2164.878783419911,0.001,0.00701061487482222,10006.37683089622,7.0
