,sr,miu,irstp_consumption,irstp_damage,Utility 2105,Temperature overshoot 2105
0,0.2425570493008569,2171.4208451541786,0.001000413462508428,0.004872226808660227,10005.886321190223,7.0
