,sr,miu,irstp_consumption,irstp_damage,Utility 2105,Temperature overshoot 2105
0,0.24273736252366185,2164.8863147878264,0.001,0.0022428665387775174,10006.376844179684,7.0
