,sr,miu,irstp_consumption,irstp_damage,Utility 2105,Temperature overshoot 2105
0,0.24278173870271264,2164.8787291369213,0.0010000000000008904,0.007367261061617295,10006.37683089402,7.0
