,sr,miu,irstp_consumption,irstp_damage,Utility 2105,Distance to consumption threshold 2105,Population below consumption threshold 2105,Temperature overshoot 2105
0,0.24720700723441227,2065.000000093178,0.001000000000022514,0.011013718641962088,10112.338887650982,0.0,0.0,6.0
