,sr,miu,irstp_consumption,irstp_damage,Utility 2105,Distance to consumption threshold 2105,Population below consumption threshold 2105,Temperature overshoot 2105
0,0.2471907600937803,2065.0000052103574,0.0010000000005438887,0.010750523773619746,10112.338880664818,0.0,0.0,6.0
